"Start","End","AVG","StartMb","EndMb","Species","Cat","CatConserv"
"0","50000",0.0134402616194387,0,0.05,"Dper8_Dbog4","Collinear",NA
"100000","150000",0.0211310812747607,0.1,0.15,"Dper8_Dbog4","Collinear",NA
"1000000","1050000",0.0212957847489618,1,1.05,"Dper8_Dbog4","Collinear",NA
"10000000","10050000",0.0268172351969874,10,10.05,"Dper8_Dbog4","Collinear",NA
"10050000","10100000",0.0200148982769913,10.05,10.1,"Dper8_Dbog4","Collinear",NA
"10100000","10150000",0.0206514300327985,10.1,10.15,"Dper8_Dbog4","Collinear",NA
"10150000","10200000",0.0236477572945024,10.15,10.2,"Dper8_Dbog4","Collinear",NA
"10200000","10250000",0.0224373878775472,10.2,10.25,"Dper8_Dbog4","Collinear",NA
"10250000","10300000",0.0257845649916219,10.25,10.3,"Dper8_Dbog4","Collinear",NA
"10300000","10350000",0.0330136424067688,10.3,10.35,"Dper8_Dbog4","Collinear",NA
"10350000","10400000",0.0256602986911065,10.35,10.4,"Dper8_Dbog4","Collinear",NA
"10400000","10450000",0.0251683367417555,10.4,10.45,"Dper8_Dbog4","Collinear",NA
"10450000","10500000",0.0349384798971503,10.45,10.5,"Dper8_Dbog4","Collinear",NA
"1050000","1100000",0.0285284516688248,1.05,1.1,"Dper8_Dbog4","Collinear",NA
"10500000","10550000",0.0293307652554651,10.5,10.55,"Dper8_Dbog4","Collinear",NA
"10550000","10600000",0.02577912353577,10.55,10.6,"Dper8_Dbog4","Collinear",NA
"10600000","10650000",0.0281102981499365,10.6,10.65,"Dper8_Dbog4","Collinear",NA
"10650000","10700000",0.0319604593415036,10.65,10.7,"Dper8_Dbog4","Inverted","Inverted"
"10700000","10750000",0.0279154279390036,10.7,10.75,"Dper8_Dbog4","Inverted","Inverted"
"10750000","10800000",0.0322724102773948,10.75,10.8,"Dper8_Dbog4","Inverted","Inverted"
"10800000","10850000",0.0277308678379113,10.8,10.85,"Dper8_Dbog4","Inverted","Inverted"
"10850000","10900000",0.0323196747086051,10.85,10.9,"Dper8_Dbog4","Inverted","Inverted"
"10900000","10950000",0.0271710930559829,10.9,10.95,"Dper8_Dbog4","Inverted","Inverted"
"10950000","11000000",0.0311393630483645,10.95,11,"Dper8_Dbog4","Inverted","Inverted"
"1100000","1150000",0.0195928152000803,1.1,1.15,"Dper8_Dbog4","Collinear",NA
"11000000","11050000",0.0239831408333352,11,11.05,"Dper8_Dbog4","Inverted","Inverted"
"11050000","11100000",0.0299291198495792,11.05,11.1,"Dper8_Dbog4","Inverted","Inverted"
"11100000","11150000",0.0323523803795564,11.1,11.15,"Dper8_Dbog4","Inverted","Inverted"
"11150000","11200000",0.0332455163424052,11.15,11.2,"Dper8_Dbog4","Inverted","Inverted"
"11200000","11250000",0.0235329366202185,11.2,11.25,"Dper8_Dbog4","Inverted","Inverted"
"11250000","11300000",0.0240507487096533,11.25,11.3,"Dper8_Dbog4","Inverted","Inverted"
"11300000","11350000",0.0232126410922271,11.3,11.35,"Dper8_Dbog4","Inverted","Inverted"
"11350000","11400000",0.0273199179736384,11.35,11.4,"Dper8_Dbog4","Inverted","Inverted"
"11400000","11450000",0.0299789759961253,11.4,11.45,"Dper8_Dbog4","Inverted","Inverted"
"11450000","11500000",0.0238926301295319,11.45,11.5,"Dper8_Dbog4","Inverted","Inverted"
"1150000","1200000",0.0201343014949551,1.15,1.2,"Dper8_Dbog4","Collinear",NA
"11500000","11550000",0.0328717766662394,11.5,11.55,"Dper8_Dbog4","Inverted","Inverted"
"11550000","11600000",0.0264621420953623,11.55,11.6,"Dper8_Dbog4","Inverted","Inverted"
"11600000","11650000",0.026610986969468,11.6,11.65,"Dper8_Dbog4","Inverted","Inverted"
"11650000","11700000",0.0289765991372846,11.65,11.7,"Dper8_Dbog4","Inverted","Inverted"
"11700000","11750000",0.0281585007395278,11.7,11.75,"Dper8_Dbog4","Inverted","Inverted"
"11750000","11800000",0.0356469985268642,11.75,11.8,"Dper8_Dbog4","Inverted","Inverted"
"11800000","11850000",0.0355822424232686,11.8,11.85,"Dper8_Dbog4","Inverted","Inverted"
"11850000","11900000",0.0299202503496821,11.85,11.9,"Dper8_Dbog4","Inverted","Inverted"
"11900000","11950000",0.0274911108917695,11.9,11.95,"Dper8_Dbog4","Inverted","Inverted"
"11950000","12000000",0.0235963560349847,11.95,12,"Dper8_Dbog4","Inverted","Inverted"
"1200000","1250000",0.013727315458377,1.2,1.25,"Dper8_Dbog4","Collinear",NA
"12000000","12050000",0.0271553271248036,12,12.05,"Dper8_Dbog4","Inverted","Inverted"
"12050000","12100000",0.0329705195155435,12.05,12.1,"Dper8_Dbog4","Inverted","Inverted"
"12100000","12150000",0.0305326709082026,12.1,12.15,"Dper8_Dbog4","Inverted","Inverted"
"12150000","12200000",0.0218404026020876,12.15,12.2,"Dper8_Dbog4","Inverted","Inverted"
"12200000","12250000",0.0258429288609047,12.2,12.25,"Dper8_Dbog4","Inverted","Inverted"
"12250000","12300000",0.0324037303743542,12.25,12.3,"Dper8_Dbog4","Inverted","Inverted"
"12300000","12350000",0.032963539355354,12.3,12.35,"Dper8_Dbog4","Inverted","Inverted"
"12350000","12400000",0.035927138442269,12.35,12.4,"Dper8_Dbog4","Inverted","Inverted"
"12400000","12450000",0.0348122436168384,12.4,12.45,"Dper8_Dbog4","Inverted","Inverted"
"12450000","12500000",0.0336057615606822,12.45,12.5,"Dper8_Dbog4","Inverted","Inverted"
"1250000","1300000",0.0124933908863521,1.25,1.3,"Dper8_Dbog4","Collinear",NA
"12500000","12550000",0.0322540777142391,12.5,12.55,"Dper8_Dbog4","Inverted","Inverted"
"12550000","12600000",0.0278960860808738,12.55,12.6,"Dper8_Dbog4","Inverted","Inverted"
"12600000","12650000",0.036841216788386,12.6,12.65,"Dper8_Dbog4","Inverted","Inverted"
"12650000","12700000",0.0334859588935702,12.65,12.7,"Dper8_Dbog4","Inverted","Inverted"
"12700000","12750000",0.0317132481813071,12.7,12.75,"Dper8_Dbog4","Inverted","Inverted"
"12750000","12800000",0.03444731796485,12.75,12.8,"Dper8_Dbog4","Inverted","Inverted"
"12800000","12850000",0.0315956477101676,12.8,12.85,"Dper8_Dbog4","Inverted","Inverted"
"12850000","12900000",0.0288341320290763,12.85,12.9,"Dper8_Dbog4","Inverted","Inverted"
"12900000","12950000",0.0269065058658942,12.9,12.95,"Dper8_Dbog4","Inverted","Inverted"
"12950000","13000000",0.0259475606726362,12.95,13,"Dper8_Dbog4","Inverted","Inverted"
"1300000","1350000",0.0186452806810393,1.3,1.35,"Dper8_Dbog4","Collinear",NA
"13000000","13050000",0.0280591989148318,13,13.05,"Dper8_Dbog4","Inverted","Inverted"
"13050000","13100000",0.0202151606155977,13.05,13.1,"Dper8_Dbog4","Inverted","Inverted"
"13100000","13150000",0.0267560124828117,13.1,13.15,"Dper8_Dbog4","Inverted","Inverted"
"13150000","13200000",0.0308855575871847,13.15,13.2,"Dper8_Dbog4","Inverted","Inverted"
"13200000","13250000",0.0280049085393233,13.2,13.25,"Dper8_Dbog4","Inverted","Inverted"
"13250000","13300000",0.0344927521091527,13.25,13.3,"Dper8_Dbog4","Inverted","Inverted"
"13300000","13350000",0.0319929058357712,13.3,13.35,"Dper8_Dbog4","Inverted","Inverted"
"13350000","13400000",0.0278337070866111,13.35,13.4,"Dper8_Dbog4","Inverted","Inverted"
"13400000","13450000",0.0217506625561941,13.4,13.45,"Dper8_Dbog4","Inverted","Inverted"
"13450000","13500000",0.0213097280498962,13.45,13.5,"Dper8_Dbog4","Inverted","Inverted"
"1350000","1400000",0.0220218460509668,1.35,1.4,"Dper8_Dbog4","Collinear",NA
"13500000","13550000",0.0259036797300025,13.5,13.55,"Dper8_Dbog4","Inverted","Inverted"
"13550000","13600000",0.0278869745121309,13.55,13.6,"Dper8_Dbog4","Inverted","Inverted"
"13600000","13650000",0.0253113099631163,13.6,13.65,"Dper8_Dbog4","Inverted","Inverted"
"13650000","13700000",0.027943263507631,13.65,13.7,"Dper8_Dbog4","Inverted","Inverted"
"13700000","13750000",0.0262969192319764,13.7,13.75,"Dper8_Dbog4","Inverted","Inverted"
"13750000","13800000",0.0158727032170626,13.75,13.8,"Dper8_Dbog4","Inverted","Inverted"
"13800000","13850000",0.0304139105795156,13.8,13.85,"Dper8_Dbog4","Inverted","Inverted"
"13850000","13900000",0.021853542564181,13.85,13.9,"Dper8_Dbog4","Inverted","Inverted"
"13900000","13950000",0.0242729147270238,13.9,13.95,"Dper8_Dbog4","Inverted","Inverted"
"13950000","14000000",0.0178842955321833,13.95,14,"Dper8_Dbog4","Inverted","Inverted"
"1400000","1450000",0.0230403780324816,1.4,1.45,"Dper8_Dbog4","Collinear",NA
"14000000","14050000",0.0232366280849963,14,14.05,"Dper8_Dbog4","Inverted","Inverted"
"14050000","14100000",0.0344446236826594,14.05,14.1,"Dper8_Dbog4","Inverted","Inverted"
"14100000","14150000",0.0250565334363945,14.1,14.15,"Dper8_Dbog4","Inverted","Inverted"
"14150000","14200000",0.0241510377685932,14.15,14.2,"Dper8_Dbog4","Inverted","Inverted"
"14200000","14250000",0.036101783679114,14.2,14.25,"Dper8_Dbog4","Inverted","Inverted"
"14250000","14300000",0.0262299654910574,14.25,14.3,"Dper8_Dbog4","Inverted","Inverted"
"14300000","14350000",0.0302567189601632,14.3,14.35,"Dper8_Dbog4","Inverted","Inverted"
"14350000","14400000",0.0251820953823896,14.35,14.4,"Dper8_Dbog4","Inverted","Inverted"
"14400000","14450000",0.0286348113404954,14.4,14.45,"Dper8_Dbog4","Inverted","Inverted"
"14450000","14500000",0.0356824355152756,14.45,14.5,"Dper8_Dbog4","Inverted","Inverted"
"1450000","1500000",0.0226928584414362,1.45,1.5,"Dper8_Dbog4","Collinear",NA
"14500000","14550000",0.0337485206139299,14.5,14.55,"Dper8_Dbog4","Inverted","Inverted"
"14550000","14600000",0.0296296968552626,14.55,14.6,"Dper8_Dbog4","Inverted","Inverted"
"14600000","14650000",0.0308765028596978,14.6,14.65,"Dper8_Dbog4","Inverted","Inverted"
"14650000","14700000",0.0311142803562916,14.65,14.7,"Dper8_Dbog4","Inverted","Inverted"
"14700000","14750000",0.033784068061386,14.7,14.75,"Dper8_Dbog4","Inverted","Inverted"
"14750000","14800000",0.0271385841878061,14.75,14.8,"Dper8_Dbog4","Inverted","Inverted"
"14800000","14850000",0.0261150986674495,14.8,14.85,"Dper8_Dbog4","Inverted","Inverted"
"14850000","14900000",0.0261373366690712,14.85,14.9,"Dper8_Dbog4","Inverted","Inverted"
"14900000","14950000",0.0274984795364564,14.9,14.95,"Dper8_Dbog4","Inverted","Inverted"
"14950000","15000000",0.028983783244121,14.95,15,"Dper8_Dbog4","Inverted","Inverted"
"150000","200000",0.0203520082184093,0.15,0.2,"Dper8_Dbog4","Collinear",NA
"1500000","1550000",0.0198272083952947,1.5,1.55,"Dper8_Dbog4","Collinear",NA
"15000000","15050000",0.0218548405275908,15,15.05,"Dper8_Dbog4","Inverted","Inverted"
"15050000","15100000",0.0211745201703486,15.05,15.1,"Dper8_Dbog4","Inverted","Inverted"
"15100000","15150000",0.0303610502353738,15.1,15.15,"Dper8_Dbog4","Inverted","Inverted"
"15150000","15200000",0.0255587120747569,15.15,15.2,"Dper8_Dbog4","Inverted","Inverted"
"15200000","15250000",0.0310294403471439,15.2,15.25,"Dper8_Dbog4","Inverted","Inverted"
"15250000","15300000",0.0219243349159894,15.25,15.3,"Dper8_Dbog4","Inverted","Inverted"
"15300000","15350000",0.0240304212298422,15.3,15.35,"Dper8_Dbog4","Inverted","Inverted"
"15350000","15400000",0.0280408932004861,15.35,15.4,"Dper8_Dbog4","Inverted","Inverted"
"15400000","15450000",0.0263107851774178,15.4,15.45,"Dper8_Dbog4","Inverted","Inverted"
"15450000","15500000",0.021764788926523,15.45,15.5,"Dper8_Dbog4","Inverted","Inverted"
"1550000","1600000",0.0212707847678958,1.55,1.6,"Dper8_Dbog4","Collinear",NA
"15500000","15550000",0.0274817750896476,15.5,15.55,"Dper8_Dbog4","Inverted","Inverted"
"15550000","15600000",0.0186350917056921,15.55,15.6,"Dper8_Dbog4","Inverted","Inverted"
"15600000","15650000",0.0195252203163929,15.6,15.65,"Dper8_Dbog4","Inverted","Inverted"
"15650000","15700000",0.0298906214353718,15.65,15.7,"Dper8_Dbog4","Inverted","Inverted"
"15700000","15750000",0.0313231940938714,15.7,15.75,"Dper8_Dbog4","Inverted","Inverted"
"15750000","15800000",0.0295323928697629,15.75,15.8,"Dper8_Dbog4","Inverted","Inverted"
"15800000","15850000",0.0289591491571171,15.8,15.85,"Dper8_Dbog4","Inverted","Inverted"
"15850000","15900000",0.0297980386202127,15.85,15.9,"Dper8_Dbog4","Inverted","Inverted"
"15900000","15950000",0.0417303844902564,15.9,15.95,"Dper8_Dbog4","Inverted","Inverted"
"15950000","16000000",0.0268076163395548,15.95,16,"Dper8_Dbog4","Inverted","Inverted"
"1600000","1650000",0.0159306432629688,1.6,1.65,"Dper8_Dbog4","Collinear",NA
"16000000","16050000",0.0317406181572868,16,16.05,"Dper8_Dbog4","Inverted","Inverted"
"16050000","16100000",0.0271303661162628,16.05,16.1,"Dper8_Dbog4","Inverted","Inverted"
"16100000","16150000",0.027108385868182,16.1,16.15,"Dper8_Dbog4","Inverted","Inverted"
"16150000","16200000",0.0259533236995934,16.15,16.2,"Dper8_Dbog4","Inverted","Inverted"
"16200000","16250000",0.0278807161806638,16.2,16.25,"Dper8_Dbog4","Inverted","Inverted"
"16250000","16300000",0.0268109198657469,16.25,16.3,"Dper8_Dbog4","Inverted","Inverted"
"16300000","16350000",0.0274377044495679,16.3,16.35,"Dper8_Dbog4","Inverted","Inverted"
"16350000","16400000",0.0277141234133155,16.35,16.4,"Dper8_Dbog4","Inverted","Inverted"
"16400000","16450000",0.0276908416855451,16.4,16.45,"Dper8_Dbog4","Inverted","Inverted"
"16450000","16500000",0.027435026865304,16.45,16.5,"Dper8_Dbog4","Inverted","Inverted"
"1650000","1700000",0.021379489627191,1.65,1.7,"Dper8_Dbog4","Collinear",NA
"16500000","16550000",0.0252546487961571,16.5,16.55,"Dper8_Dbog4","Inverted","Inverted"
"16550000","16600000",0.0299396818797609,16.55,16.6,"Dper8_Dbog4","Inverted","Inverted"
"16600000","16650000",0.0360290889223087,16.6,16.65,"Dper8_Dbog4","Inverted","Inverted"
"16650000","16700000",0.0339034757149733,16.65,16.7,"Dper8_Dbog4","Inverted","Inverted"
"16700000","16750000",0.0326836651492151,16.7,16.75,"Dper8_Dbog4","Inverted","Inverted"
"16750000","16800000",0.0373694404214448,16.75,16.8,"Dper8_Dbog4","Inverted","Inverted"
"16800000","16850000",0.0335678355100239,16.8,16.85,"Dper8_Dbog4","Inverted","Inverted"
"16850000","16900000",0.0438197267268915,16.85,16.9,"Dper8_Dbog4","Inverted","Inverted"
"16900000","16950000",0.0253020126141363,16.9,16.95,"Dper8_Dbog4","Inverted","Inverted"
"16950000","17000000",0.023927917586578,16.95,17,"Dper8_Dbog4","Inverted","Inverted"
"1700000","1750000",0.0175453128857049,1.7,1.75,"Dper8_Dbog4","Collinear",NA
"17000000","17050000",0.0210021709274286,17,17.05,"Dper8_Dbog4","Inverted","Inverted"
"17050000","17100000",0.0289098442092253,17.05,17.1,"Dper8_Dbog4","Inverted","Inverted"
"17100000","17150000",0.0320006796775021,17.1,17.15,"Dper8_Dbog4","Inverted","Inverted"
"17150000","17200000",0.0320523544537336,17.15,17.2,"Dper8_Dbog4","Inverted","Inverted"
"17200000","17250000",0.0313555183767778,17.2,17.25,"Dper8_Dbog4","Inverted","Inverted"
"17250000","17300000",0.0261843262872673,17.25,17.3,"Dper8_Dbog4","Inverted","Inverted"
"17300000","17350000",0.027545801261359,17.3,17.35,"Dper8_Dbog4","Inverted","Inverted"
"17350000","17400000",0.0250556881878801,17.35,17.4,"Dper8_Dbog4","Inverted","Inverted"
"17400000","17450000",0.0246321557551254,17.4,17.45,"Dper8_Dbog4","Inverted","Inverted"
"17450000","17500000",0.0272020298179137,17.45,17.5,"Dper8_Dbog4","Inverted","Inverted"
"1750000","1800000",0.0193231097715452,1.75,1.8,"Dper8_Dbog4","Collinear",NA
"17500000","17550000",0.0271532064108621,17.5,17.55,"Dper8_Dbog4","Inverted","Inverted"
"17550000","17600000",0.0296662251076578,17.55,17.6,"Dper8_Dbog4","Inverted","Inverted"
"17600000","17650000",0.0318657642021163,17.6,17.65,"Dper8_Dbog4","Inverted","Inverted"
"17650000","17700000",0.0267004124437525,17.65,17.7,"Dper8_Dbog4","Inverted","Inverted"
"17700000","17750000",0.025610845721811,17.7,17.75,"Dper8_Dbog4","Inverted","Inverted"
"17750000","17800000",0.0226633128158532,17.75,17.8,"Dper8_Dbog4","Inverted","Inverted"
"17800000","17850000",0.0322446669548495,17.8,17.85,"Dper8_Dbog4","Inverted","Inverted"
"17850000","17900000",0.0234638447771311,17.85,17.9,"Dper8_Dbog4","Inverted","Inverted"
"17900000","17950000",0.0298622108375601,17.9,17.95,"Dper8_Dbog4","Inverted","Inverted"
"17950000","18000000",0.0320255065008156,17.95,18,"Dper8_Dbog4","Inverted","Inverted"
"1800000","1850000",0.0216132637418197,1.8,1.85,"Dper8_Dbog4","Collinear",NA
"18000000","18050000",0.028510957006548,18,18.05,"Dper8_Dbog4","Inverted","Inverted"
"18050000","18100000",0.00728111670825186,18.05,18.1,"Dper8_Dbog4","Inverted","Inverted"
"18100000","18150000",0.0148001878719078,18.1,18.15,"Dper8_Dbog4","Inverted","Inverted"
"18150000","18200000",0.0313073510551884,18.15,18.2,"Dper8_Dbog4","Inverted","Inverted"
"18200000","18250000",0.023168285118671,18.2,18.25,"Dper8_Dbog4","Inverted","Inverted"
"18250000","18300000",0.0320836330378713,18.25,18.3,"Dper8_Dbog4","Inverted","Inverted"
"18300000","18350000",0.0279147974253861,18.3,18.35,"Dper8_Dbog4","Inverted","Inverted"
"18350000","18400000",0.0237188362841444,18.35,18.4,"Dper8_Dbog4","Collinear",NA
"18400000","18450000",0.0342273614702011,18.4,18.45,"Dper8_Dbog4","Collinear",NA
"18450000","18500000",0.0251978251542515,18.45,18.5,"Dper8_Dbog4","Collinear",NA
"1850000","1900000",0.0204086661549504,1.85,1.9,"Dper8_Dbog4","Collinear",NA
"18500000","18550000",0.0315709745773435,18.5,18.55,"Dper8_Dbog4","Collinear",NA
"18550000","18600000",0.0314832291301128,18.55,18.6,"Dper8_Dbog4","Collinear",NA
"18600000","18650000",0.0244583628372541,18.6,18.65,"Dper8_Dbog4","Collinear",NA
"18650000","18700000",0.0303839427433132,18.65,18.7,"Dper8_Dbog4","Collinear",NA
"18700000","18750000",0.0241970263931542,18.7,18.75,"Dper8_Dbog4","Collinear",NA
"18750000","18800000",0.0302775433268206,18.75,18.8,"Dper8_Dbog4","Collinear",NA
"18800000","18850000",0.0307519119433544,18.8,18.85,"Dper8_Dbog4","Collinear",NA
"18850000","18900000",0.0270688781891666,18.85,18.9,"Dper8_Dbog4","Collinear",NA
"18900000","18950000",0.0285714923771054,18.9,18.95,"Dper8_Dbog4","Collinear",NA
"18950000","19000000",0.0254820368744117,18.95,19,"Dper8_Dbog4","Collinear",NA
"1900000","1950000",0.0144077186311227,1.9,1.95,"Dper8_Dbog4","Collinear",NA
"19000000","19050000",0.028924342276269,19,19.05,"Dper8_Dbog4","Collinear",NA
"19050000","19100000",0.0324267534387577,19.05,19.1,"Dper8_Dbog4","Collinear",NA
"19100000","19150000",0.0291499917734477,19.1,19.15,"Dper8_Dbog4","Collinear",NA
"19150000","19200000",0.0257524283755431,19.15,19.2,"Dper8_Dbog4","Collinear",NA
"19200000","19250000",0.0285512685940669,19.2,19.25,"Dper8_Dbog4","Collinear",NA
"19250000","19300000",0.0284541546922995,19.25,19.3,"Dper8_Dbog4","Collinear",NA
"19300000","19350000",0.0256688731623258,19.3,19.35,"Dper8_Dbog4","Collinear",NA
"19350000","19400000",0.0272472747138499,19.35,19.4,"Dper8_Dbog4","Collinear",NA
"19400000","19450000",0.0246606616394415,19.4,19.45,"Dper8_Dbog4","Collinear",NA
"19450000","19500000",0.0215701895483131,19.45,19.5,"Dper8_Dbog4","Collinear",NA
"1950000","2000000",0.0205710629743254,1.95,2,"Dper8_Dbog4","Collinear",NA
"19500000","19550000",0.0231577936718453,19.5,19.55,"Dper8_Dbog4","Collinear",NA
"19550000","19600000",0.0231875590540923,19.55,19.6,"Dper8_Dbog4","Collinear",NA
"19600000","19650000",0.0234025400979733,19.6,19.65,"Dper8_Dbog4","Collinear",NA
"19650000","19700000",0.0266373064539819,19.65,19.7,"Dper8_Dbog4","Collinear",NA
"19700000","19750000",0.0262421987125433,19.7,19.75,"Dper8_Dbog4","Collinear",NA
"19750000","19800000",0.024968441533676,19.75,19.8,"Dper8_Dbog4","Collinear",NA
"19800000","19850000",0.0294534125926974,19.8,19.85,"Dper8_Dbog4","Collinear",NA
"19850000","19900000",0.0323735659055815,19.85,19.9,"Dper8_Dbog4","Collinear",NA
"19900000","19950000",0.0267228798135438,19.9,19.95,"Dper8_Dbog4","Collinear",NA
"19950000","20000000",0.022828715846304,19.95,20,"Dper8_Dbog4","Collinear",NA
"200000","250000",0.0147548546725697,0.2,0.25,"Dper8_Dbog4","Collinear",NA
"2000000","2050000",0.0158056720375469,2,2.05,"Dper8_Dbog4","Collinear",NA
"20000000","20050000",0.0207579620039323,20,20.05,"Dper8_Dbog4","Collinear",NA
"20050000","20100000",0.0274220833436093,20.05,20.1,"Dper8_Dbog4","Collinear",NA
"20100000","20150000",0.0293936348363177,20.1,20.15,"Dper8_Dbog4","Collinear",NA
"20150000","20200000",0.0281898285878446,20.15,20.2,"Dper8_Dbog4","Collinear",NA
"20200000","20250000",0.0218625723852447,20.2,20.25,"Dper8_Dbog4","Collinear",NA
"20250000","20300000",0.0243674752682395,20.25,20.3,"Dper8_Dbog4","Collinear",NA
"20300000","20350000",0.011351818807119,20.3,20.35,"Dper8_Dbog4","Collinear",NA
"20350000","20400000",0.0265564368948421,20.35,20.4,"Dper8_Dbog4","Collinear",NA
"20400000","20450000",0.0272962081460676,20.4,20.45,"Dper8_Dbog4","Collinear",NA
"20450000","20500000",0.0261803897133419,20.45,20.5,"Dper8_Dbog4","Collinear",NA
"2050000","2100000",0.0172085260516635,2.05,2.1,"Dper8_Dbog4","Collinear",NA
"20500000","20550000",0.0268879400952683,20.5,20.55,"Dper8_Dbog4","Collinear",NA
"20550000","20600000",0.0277272053231745,20.55,20.6,"Dper8_Dbog4","Collinear",NA
"20600000","20650000",0.0283989750128646,20.6,20.65,"Dper8_Dbog4","Collinear",NA
"20650000","20700000",0.0256807627898828,20.65,20.7,"Dper8_Dbog4","Collinear",NA
"20700000","20750000",0.0296978400340213,20.7,20.75,"Dper8_Dbog4","Collinear",NA
"20750000","20800000",0.0265835134405443,20.75,20.8,"Dper8_Dbog4","Collinear",NA
"20800000","20850000",0.0235275271378111,20.8,20.85,"Dper8_Dbog4","Collinear",NA
"20850000","20900000",0.0237185629494232,20.85,20.9,"Dper8_Dbog4","Collinear",NA
"20900000","20950000",0.0237710365309885,20.9,20.95,"Dper8_Dbog4","Collinear",NA
"20950000","21000000",0.0261372650461586,20.95,21,"Dper8_Dbog4","Collinear",NA
"2100000","2150000",0.0230044086793587,2.1,2.15,"Dper8_Dbog4","Collinear",NA
"21000000","21050000",0.0275562891842665,21,21.05,"Dper8_Dbog4","Collinear",NA
"21050000","21100000",0.0253827130820918,21.05,21.1,"Dper8_Dbog4","Collinear",NA
"21100000","21150000",0.0182086953138969,21.1,21.15,"Dper8_Dbog4","Collinear",NA
"21150000","21200000",0.0161443844644373,21.15,21.2,"Dper8_Dbog4","Collinear",NA
"21200000","21250000",0.0263623505858519,21.2,21.25,"Dper8_Dbog4","Collinear",NA
"21250000","21300000",0.022611145095015,21.25,21.3,"Dper8_Dbog4","Collinear",NA
"21300000","21350000",0.0228766411961355,21.3,21.35,"Dper8_Dbog4","Collinear",NA
"21350000","21400000",0.0240245407792434,21.35,21.4,"Dper8_Dbog4","Collinear",NA
"21400000","21450000",0.0309252227487003,21.4,21.45,"Dper8_Dbog4","Collinear",NA
"21450000","21500000",0.0182762054496528,21.45,21.5,"Dper8_Dbog4","Collinear",NA
"2150000","2200000",0.0211848154422934,2.15,2.2,"Dper8_Dbog4","Collinear",NA
"21500000","21550000",0.0231760290011297,21.5,21.55,"Dper8_Dbog4","Collinear",NA
"21550000","21600000",0.0191997632763801,21.55,21.6,"Dper8_Dbog4","Collinear",NA
"21600000","21650000",0.0217212262144676,21.6,21.65,"Dper8_Dbog4","Collinear",NA
"21650000","21700000",0.0237595474026853,21.65,21.7,"Dper8_Dbog4","Collinear",NA
"21700000","21750000",0.0284666952343933,21.7,21.75,"Dper8_Dbog4","Collinear",NA
"21750000","21800000",0.0276664060730437,21.75,21.8,"Dper8_Dbog4","Collinear",NA
"21800000","21850000",0.0275889555090104,21.8,21.85,"Dper8_Dbog4","Collinear",NA
"21850000","21900000",0.0227593424999112,21.85,21.9,"Dper8_Dbog4","Collinear",NA
"21900000","21950000",0.0233324322250042,21.9,21.95,"Dper8_Dbog4","Collinear",NA
"21950000","22000000",0.0214260628495462,21.95,22,"Dper8_Dbog4","Collinear",NA
"2200000","2250000",0.0182298225030043,2.2,2.25,"Dper8_Dbog4","Collinear",NA
"22000000","22050000",0.0240513896485251,22,22.05,"Dper8_Dbog4","Collinear",NA
"22050000","22100000",0.0184854550369093,22.05,22.1,"Dper8_Dbog4","Collinear",NA
"22100000","22150000",0.0230616927355874,22.1,22.15,"Dper8_Dbog4","Collinear",NA
"2250000","2300000",0.0176937484612152,2.25,2.3,"Dper8_Dbog4","Collinear",NA
"2300000","2350000",0.013853917665002,2.3,2.35,"Dper8_Dbog4","Collinear",NA
"2350000","2400000",0.0148055919789331,2.35,2.4,"Dper8_Dbog4","Collinear",NA
"2400000","2450000",0.0147457216059172,2.4,2.45,"Dper8_Dbog4","Collinear",NA
"2450000","2500000",0.0119984535100025,2.45,2.5,"Dper8_Dbog4","Collinear",NA
"250000","300000",0.020354591276574,0.25,0.3,"Dper8_Dbog4","Collinear",NA
"2500000","2550000",0.0205298986248091,2.5,2.55,"Dper8_Dbog4","Collinear",NA
"2550000","2600000",0.0197587281922294,2.55,2.6,"Dper8_Dbog4","Collinear",NA
"2600000","2650000",0.0209312867199897,2.6,2.65,"Dper8_Dbog4","Collinear",NA
"2650000","2700000",0.0177648297405771,2.65,2.7,"Dper8_Dbog4","Collinear",NA
"2700000","2750000",0.0175752093555357,2.7,2.75,"Dper8_Dbog4","Collinear",NA
"2750000","2800000",0.0189784350184102,2.75,2.8,"Dper8_Dbog4","Collinear",NA
"2800000","2850000",0.0196653893090907,2.8,2.85,"Dper8_Dbog4","Collinear",NA
"2850000","2900000",0.0213853428467236,2.85,2.9,"Dper8_Dbog4","Collinear",NA
"2900000","2950000",0.0146980624497796,2.9,2.95,"Dper8_Dbog4","Collinear",NA
"2950000","3000000",0.0164421823505142,2.95,3,"Dper8_Dbog4","Collinear",NA
"300000","350000",0.0169064889084558,0.3,0.35,"Dper8_Dbog4","Collinear",NA
"3000000","3050000",0.0163119174010123,3,3.05,"Dper8_Dbog4","Collinear",NA
"3050000","3100000",0.012634542502381,3.05,3.1,"Dper8_Dbog4","Collinear",NA
"3100000","3150000",0.0215817890244099,3.1,3.15,"Dper8_Dbog4","Collinear",NA
"3150000","3200000",0.0277021751834175,3.15,3.2,"Dper8_Dbog4","Collinear",NA
"3200000","3250000",0.0266459006764506,3.2,3.25,"Dper8_Dbog4","Collinear",NA
"3250000","3300000",0.017443263808215,3.25,3.3,"Dper8_Dbog4","Collinear",NA
"3300000","3350000",0.019030655532316,3.3,3.35,"Dper8_Dbog4","Collinear",NA
"3350000","3400000",0.0208301852251448,3.35,3.4,"Dper8_Dbog4","Collinear",NA
"3400000","3450000",0.0160058507839548,3.4,3.45,"Dper8_Dbog4","Collinear",NA
"3450000","3500000",0.0145973220109179,3.45,3.5,"Dper8_Dbog4","Collinear",NA
"350000","400000",0.0157312928701293,0.35,0.4,"Dper8_Dbog4","Collinear",NA
"3500000","3550000",0.0141017472332034,3.5,3.55,"Dper8_Dbog4","Collinear",NA
"3550000","3600000",0.0152615683409447,3.55,3.6,"Dper8_Dbog4","Collinear",NA
"3600000","3650000",0.0215614144427204,3.6,3.65,"Dper8_Dbog4","Collinear",NA
"3650000","3700000",0.0244913110835032,3.65,3.7,"Dper8_Dbog4","Collinear",NA
"3700000","3750000",0.0235590282222544,3.7,3.75,"Dper8_Dbog4","Collinear",NA
"3750000","3800000",0.0223829757009353,3.75,3.8,"Dper8_Dbog4","Collinear",NA
"3800000","3850000",0.0267192086355143,3.8,3.85,"Dper8_Dbog4","Collinear",NA
"3850000","3900000",0.0273884936827178,3.85,3.9,"Dper8_Dbog4","Collinear",NA
"3900000","3950000",0.032895274609888,3.9,3.95,"Dper8_Dbog4","Collinear",NA
"3950000","4000000",0.0316172901876499,3.95,4,"Dper8_Dbog4","Collinear",NA
"400000","450000",0.0172469048555059,0.4,0.45,"Dper8_Dbog4","Collinear",NA
"4000000","4050000",0.0184329639095544,4,4.05,"Dper8_Dbog4","Collinear",NA
"4050000","4100000",0.026272981007836,4.05,4.1,"Dper8_Dbog4","Collinear",NA
"4100000","4150000",0.0315776827295502,4.1,4.15,"Dper8_Dbog4","Collinear",NA
"4150000","4200000",0.0242067297332016,4.15,4.2,"Dper8_Dbog4","Collinear",NA
"4200000","4250000",0.0208737591787623,4.2,4.25,"Dper8_Dbog4","Collinear",NA
"4250000","4300000",0.0241102321468048,4.25,4.3,"Dper8_Dbog4","Collinear",NA
"4300000","4350000",0.0280535362290533,4.3,4.35,"Dper8_Dbog4","Collinear",NA
"4350000","4400000",0.0253759133929905,4.35,4.4,"Dper8_Dbog4","Collinear",NA
"4400000","4450000",0.018789629325096,4.4,4.45,"Dper8_Dbog4","Collinear",NA
"4450000","4500000",0.0178904691618435,4.45,4.5,"Dper8_Dbog4","Collinear",NA
"450000","500000",0.0198301013236277,0.45,0.5,"Dper8_Dbog4","Collinear",NA
"4500000","4550000",0.0207118953345663,4.5,4.55,"Dper8_Dbog4","Collinear",NA
"4550000","4600000",0.0216880235435222,4.55,4.6,"Dper8_Dbog4","Collinear",NA
"4600000","4650000",0.0205793917196511,4.6,4.65,"Dper8_Dbog4","Collinear",NA
"4650000","4700000",0.0214202193459099,4.65,4.7,"Dper8_Dbog4","Collinear",NA
"4700000","4750000",0.0280094305009079,4.7,4.75,"Dper8_Dbog4","Collinear",NA
"4750000","4800000",0.0254017680442183,4.75,4.8,"Dper8_Dbog4","Collinear",NA
"4800000","4850000",0.0246872089784591,4.8,4.85,"Dper8_Dbog4","Collinear",NA
"4850000","4900000",0.0226631172792423,4.85,4.9,"Dper8_Dbog4","Collinear",NA
"4900000","4950000",0.0248809878246753,4.9,4.95,"Dper8_Dbog4","Collinear",NA
"4950000","5000000",0.0295745579207993,4.95,5,"Dper8_Dbog4","Collinear",NA
"50000","100000",0.0131010174581536,0.05,0.1,"Dper8_Dbog4","Collinear",NA
"500000","550000",0.018764343857467,0.5,0.55,"Dper8_Dbog4","Collinear",NA
"5000000","5050000",0.0227021066440943,5,5.05,"Dper8_Dbog4","Collinear","Collinear"
"5050000","5100000",0.0189880017746145,5.05,5.1,"Dper8_Dbog4","Collinear","Collinear"
"5100000","5150000",0.0250903952704387,5.1,5.15,"Dper8_Dbog4","Collinear","Collinear"
"5150000","5200000",0.0225698663564031,5.15,5.2,"Dper8_Dbog4","Collinear","Collinear"
"5200000","5250000",0.0255472989017307,5.2,5.25,"Dper8_Dbog4","Collinear","Collinear"
"5250000","5300000",0.0250227059036626,5.25,5.3,"Dper8_Dbog4","Collinear","Collinear"
"5300000","5350000",0.0190786330496106,5.3,5.35,"Dper8_Dbog4","Collinear","Collinear"
"5350000","5400000",0.0270396879327864,5.35,5.4,"Dper8_Dbog4","Collinear","Collinear"
"5400000","5450000",0.0301616727751493,5.4,5.45,"Dper8_Dbog4","Collinear","Collinear"
"5450000","5500000",0.0239017394610672,5.45,5.5,"Dper8_Dbog4","Collinear","Collinear"
"550000","600000",0.0280169372149553,0.55,0.6,"Dper8_Dbog4","Collinear",NA
"5500000","5550000",0.0282962700889333,5.5,5.55,"Dper8_Dbog4","Collinear","Collinear"
"5550000","5600000",0.029731039444092,5.55,5.6,"Dper8_Dbog4","Collinear","Collinear"
"5600000","5650000",0.0259450965046368,5.6,5.65,"Dper8_Dbog4","Collinear","Collinear"
"5650000","5700000",0.0231742445002819,5.65,5.7,"Dper8_Dbog4","Collinear","Collinear"
"5700000","5750000",0.021738817616924,5.7,5.75,"Dper8_Dbog4","Collinear","Collinear"
"5750000","5800000",0.023704015724529,5.75,5.8,"Dper8_Dbog4","Collinear","Collinear"
"5800000","5850000",0.0247799936219793,5.8,5.85,"Dper8_Dbog4","Collinear","Collinear"
"5850000","5900000",0.0282844652324705,5.85,5.9,"Dper8_Dbog4","Collinear","Collinear"
"5900000","5950000",0.0196935428440558,5.9,5.95,"Dper8_Dbog4","Collinear","Collinear"
"5950000","6000000",0.0231500449421154,5.95,6,"Dper8_Dbog4","Collinear","Collinear"
"600000","650000",0.0249009123789151,0.6,0.65,"Dper8_Dbog4","Collinear",NA
"6000000","6050000",0.0301386069572514,6,6.05,"Dper8_Dbog4","Collinear","Collinear"
"6050000","6100000",0.0295719169724192,6.05,6.1,"Dper8_Dbog4","Collinear","Collinear"
"6100000","6150000",0.0282388732133742,6.1,6.15,"Dper8_Dbog4","Collinear","Collinear"
"6150000","6200000",0.0147129327152243,6.15,6.2,"Dper8_Dbog4","Collinear","Collinear"
"6200000","6250000",0.000123903875014845,6.2,6.25,"Dper8_Dbog4","Collinear","Collinear"
"6250000","6300000",0.0287092516096827,6.25,6.3,"Dper8_Dbog4","Collinear","Collinear"
"6300000","6350000",0.0223681687459331,6.3,6.35,"Dper8_Dbog4","Collinear","Collinear"
"6350000","6400000",0.025930990967508,6.35,6.4,"Dper8_Dbog4","Collinear","Collinear"
"6400000","6450000",0.0208923129554443,6.4,6.45,"Dper8_Dbog4","Collinear","Collinear"
"6450000","6500000",0.0197928711171508,6.45,6.5,"Dper8_Dbog4","Collinear","Collinear"
"650000","700000",0.0215396814379129,0.65,0.7,"Dper8_Dbog4","Collinear",NA
"6500000","6550000",0.0127165909755458,6.5,6.55,"Dper8_Dbog4","Collinear","Collinear"
"6550000","6600000",0.0182428388558671,6.55,6.6,"Dper8_Dbog4","Collinear","Collinear"
"6600000","6650000",0.0189691337045786,6.6,6.65,"Dper8_Dbog4","Collinear","Collinear"
"6650000","6700000",0.0248587499935266,6.65,6.7,"Dper8_Dbog4","Collinear","Collinear"
"6700000","6750000",0.0252316556018977,6.7,6.75,"Dper8_Dbog4","Collinear","Collinear"
"6750000","6800000",0.023941839065764,6.75,6.8,"Dper8_Dbog4","Collinear","Collinear"
"6800000","6850000",0.0247992967393565,6.8,6.85,"Dper8_Dbog4","Collinear","Collinear"
"6850000","6900000",0.0260558713865003,6.85,6.9,"Dper8_Dbog4","Collinear","Collinear"
"6900000","6950000",0.0252014140655426,6.9,6.95,"Dper8_Dbog4","Collinear","Collinear"
"6950000","7000000",0.0266343746460461,6.95,7,"Dper8_Dbog4","Collinear","Collinear"
"700000","750000",0.0185807681779743,0.7,0.75,"Dper8_Dbog4","Collinear",NA
"7000000","7050000",0.0255519356542922,7,7.05,"Dper8_Dbog4","Collinear","Collinear"
"7050000","7100000",0.0248192487953171,7.05,7.1,"Dper8_Dbog4","Collinear","Collinear"
"7100000","7150000",0.0270978073850396,7.1,7.15,"Dper8_Dbog4","Collinear","Collinear"
"7150000","7200000",0.0291471708393394,7.15,7.2,"Dper8_Dbog4","Collinear","Collinear"
"7200000","7250000",0.0253108812411613,7.2,7.25,"Dper8_Dbog4","Collinear","Collinear"
"7250000","7300000",0.0198614816479104,7.25,7.3,"Dper8_Dbog4","Collinear","Collinear"
"7300000","7350000",0.0266854379273171,7.3,7.35,"Dper8_Dbog4","Collinear","Collinear"
"7350000","7400000",0.0233320076676938,7.35,7.4,"Dper8_Dbog4","Collinear","Collinear"
"7400000","7450000",0.0184085938183503,7.4,7.45,"Dper8_Dbog4","Collinear","Collinear"
"7450000","7500000",0.0259511071946506,7.45,7.5,"Dper8_Dbog4","Collinear","Collinear"
"750000","800000",0.0191790390624293,0.75,0.8,"Dper8_Dbog4","Collinear",NA
"7500000","7550000",0.0280683421968881,7.5,7.55,"Dper8_Dbog4","Collinear","Collinear"
"7550000","7600000",0.0272504097462367,7.55,7.6,"Dper8_Dbog4","Collinear","Collinear"
"7600000","7650000",0.0295536989927635,7.6,7.65,"Dper8_Dbog4","Collinear","Collinear"
"7650000","7700000",0.023945721455819,7.65,7.7,"Dper8_Dbog4","Collinear","Collinear"
"7700000","7750000",0.0211849156008161,7.7,7.75,"Dper8_Dbog4","Collinear","Collinear"
"7750000","7800000",0.0199635475118557,7.75,7.8,"Dper8_Dbog4","Collinear","Collinear"
"7800000","7850000",0.021030130013572,7.8,7.85,"Dper8_Dbog4","Collinear","Collinear"
"7850000","7900000",0.0221220954257802,7.85,7.9,"Dper8_Dbog4","Collinear","Collinear"
"7900000","7950000",0.0208655307682446,7.9,7.95,"Dper8_Dbog4","Collinear","Collinear"
"7950000","8000000",0.0268924698839877,7.95,8,"Dper8_Dbog4","Collinear","Collinear"
"800000","850000",0.00899494189455918,0.8,0.85,"Dper8_Dbog4","Collinear",NA
"8000000","8050000",0.0263377494631455,8,8.05,"Dper8_Dbog4","Collinear","Collinear"
"8050000","8100000",0.0271871665238894,8.05,8.1,"Dper8_Dbog4","Collinear","Collinear"
"8100000","8150000",0.0294249982245094,8.1,8.15,"Dper8_Dbog4","Collinear",NA
"8150000","8200000",0.0228407985515287,8.15,8.2,"Dper8_Dbog4","Collinear",NA
"8200000","8250000",0.0223746562625336,8.2,8.25,"Dper8_Dbog4","Collinear",NA
"8250000","8300000",0.0265602013849687,8.25,8.3,"Dper8_Dbog4","Collinear",NA
"8300000","8350000",0.030978672136028,8.3,8.35,"Dper8_Dbog4","Collinear",NA
"8350000","8400000",0.0211824843082318,8.35,8.4,"Dper8_Dbog4","Collinear",NA
"8400000","8450000",0.0285450314717452,8.4,8.45,"Dper8_Dbog4","Collinear",NA
"8450000","8500000",0.0251657574717071,8.45,8.5,"Dper8_Dbog4","Collinear",NA
"850000","900000",0.016415422332527,0.85,0.9,"Dper8_Dbog4","Collinear",NA
"8500000","8550000",0.0282470560909455,8.5,8.55,"Dper8_Dbog4","Collinear",NA
"8550000","8600000",0.0314379426097131,8.55,8.6,"Dper8_Dbog4","Collinear",NA
"8600000","8650000",0.0150598498611399,8.6,8.65,"Dper8_Dbog4","Collinear",NA
"8650000","8700000",0.0228930224706127,8.65,8.7,"Dper8_Dbog4","Collinear",NA
"8700000","8750000",0.0172405531328168,8.7,8.75,"Dper8_Dbog4","Collinear",NA
"8750000","8800000",0.0256473545350621,8.75,8.8,"Dper8_Dbog4","Collinear",NA
"8800000","8850000",0.0286091978285128,8.8,8.85,"Dper8_Dbog4","Collinear",NA
"8850000","8900000",0.0249984650567665,8.85,8.9,"Dper8_Dbog4","Collinear",NA
"8900000","8950000",0.0265604877159334,8.9,8.95,"Dper8_Dbog4","Collinear",NA
"8950000","9000000",0.0201149020971815,8.95,9,"Dper8_Dbog4","Collinear",NA
"900000","950000",0.0241773594307979,0.9,0.95,"Dper8_Dbog4","Collinear",NA
"9000000","9050000",0.0186203705477636,9,9.05,"Dper8_Dbog4","Collinear",NA
"9050000","9100000",0.0218851636275668,9.05,9.1,"Dper8_Dbog4","Collinear",NA
"9100000","9150000",0.0266498958663737,9.1,9.15,"Dper8_Dbog4","Collinear",NA
"9150000","9200000",0.0266141903166441,9.15,9.2,"Dper8_Dbog4","Collinear",NA
"9200000","9250000",0.0326249172243268,9.2,9.25,"Dper8_Dbog4","Collinear",NA
"9250000","9300000",0.0257379475245585,9.25,9.3,"Dper8_Dbog4","Collinear",NA
"9300000","9350000",0.0212485859978837,9.3,9.35,"Dper8_Dbog4","Collinear",NA
"9350000","9400000",0.0321992985098622,9.35,9.4,"Dper8_Dbog4","Collinear",NA
"9400000","9450000",0.0357194120884491,9.4,9.45,"Dper8_Dbog4","Collinear",NA
"9450000","9500000",0.0278529696800937,9.45,9.5,"Dper8_Dbog4","Collinear",NA
"950000","1000000",0.022629536390085,0.95,1,"Dper8_Dbog4","Collinear",NA
"9500000","9550000",0.0267841929469618,9.5,9.55,"Dper8_Dbog4","Collinear",NA
"9550000","9600000",0.0266169227720331,9.55,9.6,"Dper8_Dbog4","Collinear",NA
"9600000","9650000",0.0243743634739749,9.6,9.65,"Dper8_Dbog4","Collinear",NA
"9650000","9700000",0.0301099968189908,9.65,9.7,"Dper8_Dbog4","Collinear",NA
"9700000","9750000",0.0296691339350043,9.7,9.75,"Dper8_Dbog4","Collinear",NA
"9750000","9800000",0.0246281049643063,9.75,9.8,"Dper8_Dbog4","Collinear",NA
"9800000","9850000",0.0228233135041976,9.8,9.85,"Dper8_Dbog4","Collinear",NA
"9850000","9900000",0.0305838927308461,9.85,9.9,"Dper8_Dbog4","Collinear",NA
"9900000","9950000",0.0286771656323011,9.9,9.95,"Dper8_Dbog4","Collinear",NA
"9950000","10000000",0.0290944126983032,9.95,10,"Dper8_Dbog4","Collinear",NA
"0","50000",0.00768237661876314,0,0.05,"Dper8_Dpse19","Collinear",NA
"100000","150000",0.0105960937344594,0.1,0.15,"Dper8_Dpse19","Collinear",NA
"1000000","1050000",0.0138947510918232,1,1.05,"Dper8_Dpse19","Collinear",NA
"10000000","10050000",0.0182851318086579,10,10.05,"Dper8_Dpse19","Collinear",NA
"10050000","10100000",0.0139463694018331,10.05,10.1,"Dper8_Dpse19","Collinear",NA
"10100000","10150000",0.0128982095039785,10.1,10.15,"Dper8_Dpse19","Collinear",NA
"10150000","10200000",0.0157464153946326,10.15,10.2,"Dper8_Dpse19","Collinear",NA
"10200000","10250000",0.0160554742829679,10.2,10.25,"Dper8_Dpse19","Collinear",NA
"10250000","10300000",0.017962927250843,10.25,10.3,"Dper8_Dpse19","Collinear",NA
"10300000","10350000",0.0224651360495074,10.3,10.35,"Dper8_Dpse19","Collinear",NA
"10350000","10400000",0.0184763474597031,10.35,10.4,"Dper8_Dpse19","Collinear",NA
"10400000","10450000",0.0169834492112983,10.4,10.45,"Dper8_Dpse19","Collinear",NA
"10450000","10500000",0.0250642854706934,10.45,10.5,"Dper8_Dpse19","Collinear",NA
"1050000","1100000",0.0170977106574481,1.05,1.1,"Dper8_Dpse19","Collinear",NA
"10500000","10550000",0.0202051291885686,10.5,10.55,"Dper8_Dpse19","Collinear",NA
"10550000","10600000",0.0199976188621445,10.55,10.6,"Dper8_Dpse19","Collinear",NA
"10600000","10650000",0.0213581823687507,10.6,10.65,"Dper8_Dpse19","Collinear",NA
"10650000","10700000",0.0237150452659721,10.65,10.7,"Dper8_Dpse19","Inverted","Inverted"
"10700000","10750000",0.0207041766446081,10.7,10.75,"Dper8_Dpse19","Inverted","Inverted"
"10750000","10800000",0.0228505591606998,10.75,10.8,"Dper8_Dpse19","Inverted","Inverted"
"10800000","10850000",0.0211501840739086,10.8,10.85,"Dper8_Dpse19","Inverted","Inverted"
"10850000","10900000",0.0231096238419157,10.85,10.9,"Dper8_Dpse19","Inverted","Inverted"
"10900000","10950000",0.0213142604252251,10.9,10.95,"Dper8_Dpse19","Inverted","Inverted"
"10950000","11000000",0.0223696428959247,10.95,11,"Dper8_Dpse19","Inverted","Inverted"
"1100000","1150000",0.0105518610975166,1.1,1.15,"Dper8_Dpse19","Collinear",NA
"11000000","11050000",0.018652076571924,11,11.05,"Dper8_Dpse19","Inverted","Inverted"
"11050000","11100000",0.0219639873119229,11.05,11.1,"Dper8_Dpse19","Inverted","Inverted"
"11100000","11150000",0.0223306737920144,11.1,11.15,"Dper8_Dpse19","Inverted","Inverted"
"11150000","11200000",0.0245719161968725,11.15,11.2,"Dper8_Dpse19","Inverted","Inverted"
"11200000","11250000",0.0168579881311066,11.2,11.25,"Dper8_Dpse19","Inverted","Inverted"
"11250000","11300000",0.0169992974829065,11.25,11.3,"Dper8_Dpse19","Inverted","Inverted"
"11300000","11350000",0.0177821231497222,11.3,11.35,"Dper8_Dpse19","Inverted","Inverted"
"11350000","11400000",0.0195995341707775,11.35,11.4,"Dper8_Dpse19","Inverted","Inverted"
"11400000","11450000",0.0222475867233723,11.4,11.45,"Dper8_Dpse19","Inverted","Inverted"
"11450000","11500000",0.0184417107288532,11.45,11.5,"Dper8_Dpse19","Inverted","Inverted"
"1150000","1200000",0.0097825554096623,1.15,1.2,"Dper8_Dpse19","Collinear",NA
"11500000","11550000",0.0254946299057537,11.5,11.55,"Dper8_Dpse19","Inverted","Inverted"
"11550000","11600000",0.0214173371929834,11.55,11.6,"Dper8_Dpse19","Inverted","Inverted"
"11600000","11650000",0.0207207302091254,11.6,11.65,"Dper8_Dpse19","Inverted","Inverted"
"11650000","11700000",0.0217596594262107,11.65,11.7,"Dper8_Dpse19","Inverted","Inverted"
"11700000","11750000",0.0212096510697135,11.7,11.75,"Dper8_Dpse19","Inverted","Inverted"
"11750000","11800000",0.0264800689546987,11.75,11.8,"Dper8_Dpse19","Inverted","Inverted"
"11800000","11850000",0.0272229283703484,11.8,11.85,"Dper8_Dpse19","Inverted","Inverted"
"11850000","11900000",0.0225793087796134,11.85,11.9,"Dper8_Dpse19","Inverted","Inverted"
"11900000","11950000",0.018988431301728,11.9,11.95,"Dper8_Dpse19","Inverted","Inverted"
"11950000","12000000",0.0185971704978708,11.95,12,"Dper8_Dpse19","Inverted","Inverted"
"1200000","1250000",0.00650242886157499,1.2,1.25,"Dper8_Dpse19","Collinear",NA
"12000000","12050000",0.0209407377314082,12,12.05,"Dper8_Dpse19","Inverted","Inverted"
"12050000","12100000",0.024500135401737,12.05,12.1,"Dper8_Dpse19","Inverted","Inverted"
"12100000","12150000",0.0238905669008728,12.1,12.15,"Dper8_Dpse19","Inverted","Inverted"
"12150000","12200000",0.0166383403658887,12.15,12.2,"Dper8_Dpse19","Inverted","Inverted"
"12200000","12250000",0.018927797516396,12.2,12.25,"Dper8_Dpse19","Inverted","Inverted"
"12250000","12300000",0.0229655338395903,12.25,12.3,"Dper8_Dpse19","Inverted","Inverted"
"12300000","12350000",0.0246952218549636,12.3,12.35,"Dper8_Dpse19","Inverted","Inverted"
"12350000","12400000",0.0262871527672172,12.35,12.4,"Dper8_Dpse19","Inverted","Inverted"
"12400000","12450000",0.0255609112842364,12.4,12.45,"Dper8_Dpse19","Inverted","Inverted"
"12450000","12500000",0.0250323401471535,12.45,12.5,"Dper8_Dpse19","Inverted","Inverted"
"1250000","1300000",0.00646964148440082,1.25,1.3,"Dper8_Dpse19","Collinear",NA
"12500000","12550000",0.0237972630156292,12.5,12.55,"Dper8_Dpse19","Inverted","Inverted"
"12550000","12600000",0.0198219152155753,12.55,12.6,"Dper8_Dpse19","Inverted","Inverted"
"12600000","12650000",0.0260862416914324,12.6,12.65,"Dper8_Dpse19","Inverted","Inverted"
"12650000","12700000",0.0241611481236442,12.65,12.7,"Dper8_Dpse19","Inverted","Inverted"
"12700000","12750000",0.0226472467139411,12.7,12.75,"Dper8_Dpse19","Inverted","Inverted"
"12750000","12800000",0.024886168947093,12.75,12.8,"Dper8_Dpse19","Inverted","Inverted"
"12800000","12850000",0.0238738479579856,12.8,12.85,"Dper8_Dpse19","Inverted","Inverted"
"12850000","12900000",0.0206024507240793,12.85,12.9,"Dper8_Dpse19","Inverted","Inverted"
"12900000","12950000",0.0207126115600129,12.9,12.95,"Dper8_Dpse19","Inverted","Inverted"
"12950000","13000000",0.0195744015936679,12.95,13,"Dper8_Dpse19","Inverted","Inverted"
"1300000","1350000",0.00969234979465319,1.3,1.35,"Dper8_Dpse19","Collinear",NA
"13000000","13050000",0.0207620227171238,13,13.05,"Dper8_Dpse19","Inverted","Inverted"
"13050000","13100000",0.0156290752307311,13.05,13.1,"Dper8_Dpse19","Inverted","Inverted"
"13100000","13150000",0.0190186535637609,13.1,13.15,"Dper8_Dpse19","Inverted","Inverted"
"13150000","13200000",0.0230060897248775,13.15,13.2,"Dper8_Dpse19","Inverted","Inverted"
"13200000","13250000",0.0208834728513085,13.2,13.25,"Dper8_Dpse19","Inverted","Inverted"
"13250000","13300000",0.0244425595522504,13.25,13.3,"Dper8_Dpse19","Inverted","Inverted"
"13300000","13350000",0.0233743635855207,13.3,13.35,"Dper8_Dpse19","Inverted","Inverted"
"13350000","13400000",0.0224090828451394,13.35,13.4,"Dper8_Dpse19","Inverted","Inverted"
"13400000","13450000",0.0171691084748923,13.4,13.45,"Dper8_Dpse19","Inverted","Inverted"
"13450000","13500000",0.0165231734702076,13.45,13.5,"Dper8_Dpse19","Inverted","Inverted"
"1350000","1400000",0.0111590897075358,1.35,1.4,"Dper8_Dpse19","Collinear",NA
"13500000","13550000",0.0195066898043943,13.5,13.55,"Dper8_Dpse19","Inverted","Inverted"
"13550000","13600000",0.0205471466088658,13.55,13.6,"Dper8_Dpse19","Inverted","Inverted"
"13600000","13650000",0.017968876643619,13.6,13.65,"Dper8_Dpse19","Inverted","Inverted"
"13650000","13700000",0.0205063297219588,13.65,13.7,"Dper8_Dpse19","Inverted","Inverted"
"13700000","13750000",0.0205865807350058,13.7,13.75,"Dper8_Dpse19","Inverted","Inverted"
"13750000","13800000",0.0122598747916512,13.75,13.8,"Dper8_Dpse19","Inverted","Inverted"
"13800000","13850000",0.023347286075897,13.8,13.85,"Dper8_Dpse19","Inverted","Inverted"
"13850000","13900000",0.00956536026337762,13.85,13.9,"Dper8_Dpse19","Inverted","Inverted"
"13900000","13950000",0.0155126016654386,13.9,13.95,"Dper8_Dpse19","Inverted","Inverted"
"13950000","14000000",0.0149378478115541,13.95,14,"Dper8_Dpse19","Inverted","Inverted"
"1400000","1450000",0.012328519367952,1.4,1.45,"Dper8_Dpse19","Collinear",NA
"14000000","14050000",0.0170006652943468,14,14.05,"Dper8_Dpse19","Inverted","Inverted"
"14050000","14100000",0.0247052257353583,14.05,14.1,"Dper8_Dpse19","Inverted","Inverted"
"14100000","14150000",0.0181594228039318,14.1,14.15,"Dper8_Dpse19","Inverted","Inverted"
"14150000","14200000",0.0178313771417309,14.15,14.2,"Dper8_Dpse19","Inverted","Inverted"
"14200000","14250000",0.026832210284277,14.2,14.25,"Dper8_Dpse19","Inverted","Inverted"
"14250000","14300000",0.0197131570333785,14.25,14.3,"Dper8_Dpse19","Inverted","Inverted"
"14300000","14350000",0.0215809202883429,14.3,14.35,"Dper8_Dpse19","Inverted","Inverted"
"14350000","14400000",0.0171402136331751,14.35,14.4,"Dper8_Dpse19","Inverted","Inverted"
"14400000","14450000",0.0224453739175042,14.4,14.45,"Dper8_Dpse19","Inverted","Inverted"
"14450000","14500000",0.026534676104285,14.45,14.5,"Dper8_Dpse19","Inverted","Inverted"
"1450000","1500000",0.0116578078752834,1.45,1.5,"Dper8_Dpse19","Collinear",NA
"14500000","14550000",0.0224081836365795,14.5,14.55,"Dper8_Dpse19","Inverted","Inverted"
"14550000","14600000",0.0213693598540264,14.55,14.6,"Dper8_Dpse19","Inverted","Inverted"
"14600000","14650000",0.022827176876756,14.6,14.65,"Dper8_Dpse19","Inverted","Inverted"
"14650000","14700000",0.0229480749856739,14.65,14.7,"Dper8_Dpse19","Inverted","Inverted"
"14700000","14750000",0.0248348053094836,14.7,14.75,"Dper8_Dpse19","Inverted","Inverted"
"14750000","14800000",0.0200679937473632,14.75,14.8,"Dper8_Dpse19","Inverted","Inverted"
"14800000","14850000",0.019772514653823,14.8,14.85,"Dper8_Dpse19","Inverted","Inverted"
"14850000","14900000",0.0196158732912826,14.85,14.9,"Dper8_Dpse19","Inverted","Inverted"
"14900000","14950000",0.020148443917519,14.9,14.95,"Dper8_Dpse19","Inverted","Inverted"
"14950000","15000000",0.0205489496220734,14.95,15,"Dper8_Dpse19","Inverted","Inverted"
"150000","200000",0.0109042511876361,0.15,0.2,"Dper8_Dpse19","Collinear",NA
"1500000","1550000",0.0108325856197849,1.5,1.55,"Dper8_Dpse19","Collinear",NA
"15000000","15050000",0.0163187325959981,15,15.05,"Dper8_Dpse19","Inverted","Inverted"
"15050000","15100000",0.0167161213226508,15.05,15.1,"Dper8_Dpse19","Inverted","Inverted"
"15100000","15150000",0.0216261957757156,15.1,15.15,"Dper8_Dpse19","Inverted","Inverted"
"15150000","15200000",0.018270418157347,15.15,15.2,"Dper8_Dpse19","Inverted","Inverted"
"15200000","15250000",0.0227305858903843,15.2,15.25,"Dper8_Dpse19","Inverted","Inverted"
"15250000","15300000",0.0168242066492833,15.25,15.3,"Dper8_Dpse19","Inverted","Inverted"
"15300000","15350000",0.0183652903077125,15.3,15.35,"Dper8_Dpse19","Inverted","Inverted"
"15350000","15400000",0.0199912538068343,15.35,15.4,"Dper8_Dpse19","Inverted","Inverted"
"15400000","15450000",0.0195163656855089,15.4,15.45,"Dper8_Dpse19","Inverted","Inverted"
"15450000","15500000",0.0173794884629092,15.45,15.5,"Dper8_Dpse19","Inverted","Inverted"
"1550000","1600000",0.0169124922291521,1.55,1.6,"Dper8_Dpse19","Collinear",NA
"15500000","15550000",0.0204082612842788,15.5,15.55,"Dper8_Dpse19","Inverted","Inverted"
"15550000","15600000",0.014640145654575,15.55,15.6,"Dper8_Dpse19","Inverted","Inverted"
"15600000","15650000",0.0153226474770998,15.6,15.65,"Dper8_Dpse19","Inverted","Inverted"
"15650000","15700000",0.0221273452012141,15.65,15.7,"Dper8_Dpse19","Inverted","Inverted"
"15700000","15750000",0.022864052510195,15.7,15.75,"Dper8_Dpse19","Inverted","Inverted"
"15750000","15800000",0.0213918975238812,15.75,15.8,"Dper8_Dpse19","Inverted","Inverted"
"15800000","15850000",0.0218963815710065,15.8,15.85,"Dper8_Dpse19","Inverted","Inverted"
"15850000","15900000",0.0207258616955917,15.85,15.9,"Dper8_Dpse19","Inverted","Inverted"
"15900000","15950000",0.0294296052951033,15.9,15.95,"Dper8_Dpse19","Inverted","Inverted"
"15950000","16000000",0.0194450357436593,15.95,16,"Dper8_Dpse19","Inverted","Inverted"
"1600000","1650000",0.0127529216088778,1.6,1.65,"Dper8_Dpse19","Collinear",NA
"16000000","16050000",0.0232787640301286,16,16.05,"Dper8_Dpse19","Inverted","Inverted"
"16050000","16100000",0.0189376249792932,16.05,16.1,"Dper8_Dpse19","Inverted","Inverted"
"16100000","16150000",0.0196440671176774,16.1,16.15,"Dper8_Dpse19","Inverted","Inverted"
"16150000","16200000",0.018888918469529,16.15,16.2,"Dper8_Dpse19","Inverted","Inverted"
"16200000","16250000",0.0204714507613729,16.2,16.25,"Dper8_Dpse19","Inverted","Inverted"
"16250000","16300000",0.0203907372579025,16.25,16.3,"Dper8_Dpse19","Inverted","Inverted"
"16300000","16350000",0.0211032656699164,16.3,16.35,"Dper8_Dpse19","Inverted","Inverted"
"16350000","16400000",0.0203824043600092,16.35,16.4,"Dper8_Dpse19","Inverted","Inverted"
"16400000","16450000",0.0203178944705517,16.4,16.45,"Dper8_Dpse19","Inverted","Inverted"
"16450000","16500000",0.0193866783509596,16.45,16.5,"Dper8_Dpse19","Inverted","Inverted"
"1650000","1700000",0.0114211288228908,1.65,1.7,"Dper8_Dpse19","Collinear",NA
"16500000","16550000",0.0191066872052478,16.5,16.55,"Dper8_Dpse19","Inverted","Inverted"
"16550000","16600000",0.0227283567984713,16.55,16.6,"Dper8_Dpse19","Inverted","Inverted"
"16600000","16650000",0.0262278476111866,16.6,16.65,"Dper8_Dpse19","Inverted","Inverted"
"16650000","16700000",0.0238948987138953,16.65,16.7,"Dper8_Dpse19","Inverted","Inverted"
"16700000","16750000",0.0243388587656161,16.7,16.75,"Dper8_Dpse19","Inverted","Inverted"
"16750000","16800000",0.0256142554997452,16.75,16.8,"Dper8_Dpse19","Inverted","Inverted"
"16800000","16850000",0.0219732757715303,16.8,16.85,"Dper8_Dpse19","Inverted","Inverted"
"16850000","16900000",0.0293291399812958,16.85,16.9,"Dper8_Dpse19","Inverted","Inverted"
"16900000","16950000",0.0182892204107183,16.9,16.95,"Dper8_Dpse19","Inverted","Inverted"
"16950000","17000000",0.0179621714770571,16.95,17,"Dper8_Dpse19","Inverted","Inverted"
"1700000","1750000",0.00936437501264156,1.7,1.75,"Dper8_Dpse19","Collinear",NA
"17000000","17050000",0.0141333701610619,17,17.05,"Dper8_Dpse19","Inverted","Inverted"
"17050000","17100000",0.0216908486419323,17.05,17.1,"Dper8_Dpse19","Inverted","Inverted"
"17100000","17150000",0.0227007497202855,17.1,17.15,"Dper8_Dpse19","Inverted","Inverted"
"17150000","17200000",0.0226396922190602,17.15,17.2,"Dper8_Dpse19","Inverted","Inverted"
"17200000","17250000",0.023254675361101,17.2,17.25,"Dper8_Dpse19","Inverted","Inverted"
"17250000","17300000",0.0194398696550425,17.25,17.3,"Dper8_Dpse19","Inverted","Inverted"
"17300000","17350000",0.0197003498052988,17.3,17.35,"Dper8_Dpse19","Inverted","Inverted"
"17350000","17400000",0.0184649500605589,17.35,17.4,"Dper8_Dpse19","Inverted","Inverted"
"17400000","17450000",0.0175161639629724,17.4,17.45,"Dper8_Dpse19","Inverted","Inverted"
"17450000","17500000",0.018488017130657,17.45,17.5,"Dper8_Dpse19","Inverted","Inverted"
"1750000","1800000",0.00954592613048365,1.75,1.8,"Dper8_Dpse19","Collinear",NA
"17500000","17550000",0.0194030380806863,17.5,17.55,"Dper8_Dpse19","Inverted","Inverted"
"17550000","17600000",0.0225423879040084,17.55,17.6,"Dper8_Dpse19","Inverted","Inverted"
"17600000","17650000",0.02058377383063,17.6,17.65,"Dper8_Dpse19","Inverted","Inverted"
"17650000","17700000",0.0210999850877781,17.65,17.7,"Dper8_Dpse19","Inverted","Inverted"
"17700000","17750000",0.0184923729232968,17.7,17.75,"Dper8_Dpse19","Inverted","Inverted"
"17750000","17800000",0.0159473216269161,17.75,17.8,"Dper8_Dpse19","Inverted","Inverted"
"17800000","17850000",0.0242371099173477,17.8,17.85,"Dper8_Dpse19","Inverted","Inverted"
"17850000","17900000",0.0160604132946814,17.85,17.9,"Dper8_Dpse19","Inverted","Inverted"
"17900000","17950000",0.0201084695713942,17.9,17.95,"Dper8_Dpse19","Inverted","Inverted"
"17950000","18000000",0.0216402330645651,17.95,18,"Dper8_Dpse19","Inverted","Inverted"
"1800000","1850000",0.0101046698944429,1.8,1.85,"Dper8_Dpse19","Collinear",NA
"18000000","18050000",0.0196833336664781,18,18.05,"Dper8_Dpse19","Inverted","Inverted"
"18050000","18100000",0.0055817424394429,18.05,18.1,"Dper8_Dpse19","Inverted","Inverted"
"18100000","18150000",0.0106768599328592,18.1,18.15,"Dper8_Dpse19","Inverted","Inverted"
"18150000","18200000",0.0225773867921984,18.15,18.2,"Dper8_Dpse19","Inverted","Inverted"
"18200000","18250000",0.0167411970160139,18.2,18.25,"Dper8_Dpse19","Inverted","Inverted"
"18250000","18300000",0.0239718663194602,18.25,18.3,"Dper8_Dpse19","Inverted","Inverted"
"18300000","18350000",0.0210482630392467,18.3,18.35,"Dper8_Dpse19","Inverted","Inverted"
"18350000","18400000",0.018287588999602,18.35,18.4,"Dper8_Dpse19","Collinear",NA
"18400000","18450000",0.0233883009486194,18.4,18.45,"Dper8_Dpse19","Collinear",NA
"18450000","18500000",0.0180273856174123,18.45,18.5,"Dper8_Dpse19","Collinear",NA
"1850000","1900000",0.00911426125169123,1.85,1.9,"Dper8_Dpse19","Collinear",NA
"18500000","18550000",0.021483315246421,18.5,18.55,"Dper8_Dpse19","Collinear",NA
"18550000","18600000",0.0225200155294941,18.55,18.6,"Dper8_Dpse19","Collinear",NA
"18600000","18650000",0.0174567702535403,18.6,18.65,"Dper8_Dpse19","Collinear",NA
"18650000","18700000",0.0212306661405669,18.65,18.7,"Dper8_Dpse19","Collinear",NA
"18700000","18750000",0.0175812939532613,18.7,18.75,"Dper8_Dpse19","Collinear",NA
"18750000","18800000",0.0211014754215775,18.75,18.8,"Dper8_Dpse19","Collinear",NA
"18800000","18850000",0.0223284819768569,18.8,18.85,"Dper8_Dpse19","Collinear",NA
"18850000","18900000",0.0197064981547087,18.85,18.9,"Dper8_Dpse19","Collinear",NA
"18900000","18950000",0.0206476449459467,18.9,18.95,"Dper8_Dpse19","Collinear",NA
"18950000","19000000",0.0184539491556302,18.95,19,"Dper8_Dpse19","Collinear",NA
"1900000","1950000",0.00661768761983379,1.9,1.95,"Dper8_Dpse19","Collinear",NA
"19000000","19050000",0.0186387686726932,19,19.05,"Dper8_Dpse19","Collinear",NA
"19050000","19100000",0.0213614503353952,19.05,19.1,"Dper8_Dpse19","Collinear",NA
"19100000","19150000",0.0183958157653247,19.1,19.15,"Dper8_Dpse19","Collinear",NA
"19150000","19200000",0.0192789540198608,19.15,19.2,"Dper8_Dpse19","Collinear",NA
"19200000","19250000",0.0208116680707317,19.2,19.25,"Dper8_Dpse19","Collinear",NA
"19250000","19300000",0.0219252046715049,19.25,19.3,"Dper8_Dpse19","Collinear",NA
"19300000","19350000",0.01848211922089,19.3,19.35,"Dper8_Dpse19","Collinear",NA
"19350000","19400000",0.0207158295011565,19.35,19.4,"Dper8_Dpse19","Collinear",NA
"19400000","19450000",0.0179407068496163,19.4,19.45,"Dper8_Dpse19","Collinear",NA
"19450000","19500000",0.0152401654448456,19.45,19.5,"Dper8_Dpse19","Collinear",NA
"1950000","2000000",0.00904016782314454,1.95,2,"Dper8_Dpse19","Collinear",NA
"19500000","19550000",0.0163037716856479,19.5,19.55,"Dper8_Dpse19","Collinear",NA
"19550000","19600000",0.0170578492101429,19.55,19.6,"Dper8_Dpse19","Collinear",NA
"19600000","19650000",0.0171345943464787,19.6,19.65,"Dper8_Dpse19","Collinear",NA
"19650000","19700000",0.018368599396021,19.65,19.7,"Dper8_Dpse19","Collinear",NA
"19700000","19750000",0.0177959407268678,19.7,19.75,"Dper8_Dpse19","Collinear",NA
"19750000","19800000",0.0153523701859573,19.75,19.8,"Dper8_Dpse19","Collinear",NA
"19800000","19850000",0.0185940170092309,19.8,19.85,"Dper8_Dpse19","Collinear",NA
"19850000","19900000",0.0220843449513055,19.85,19.9,"Dper8_Dpse19","Collinear",NA
"19900000","19950000",0.0189482306824082,19.9,19.95,"Dper8_Dpse19","Collinear",NA
"19950000","20000000",0.016837861459645,19.95,20,"Dper8_Dpse19","Collinear",NA
"200000","250000",0.00758061674496202,0.2,0.25,"Dper8_Dpse19","Collinear",NA
"2000000","2050000",0.00771213578426549,2,2.05,"Dper8_Dpse19","Collinear",NA
"20000000","20050000",0.01388668125295,20,20.05,"Dper8_Dpse19","Collinear",NA
"20050000","20100000",0.0192939308501596,20.05,20.1,"Dper8_Dpse19","Collinear",NA
"20100000","20150000",0.0202822424739492,20.1,20.15,"Dper8_Dpse19","Collinear",NA
"20150000","20200000",0.0202848323143755,20.15,20.2,"Dper8_Dpse19","Collinear",NA
"20200000","20250000",0.0156575671090714,20.2,20.25,"Dper8_Dpse19","Collinear",NA
"20250000","20300000",0.0183333429904033,20.25,20.3,"Dper8_Dpse19","Collinear",NA
"20300000","20350000",0.00775704850761589,20.3,20.35,"Dper8_Dpse19","Collinear",NA
"20350000","20400000",0.0182035067137378,20.35,20.4,"Dper8_Dpse19","Collinear",NA
"20400000","20450000",0.0201887551638432,20.4,20.45,"Dper8_Dpse19","Collinear",NA
"20450000","20500000",0.0181519924199115,20.45,20.5,"Dper8_Dpse19","Collinear",NA
"2050000","2100000",0.00793310603565734,2.05,2.1,"Dper8_Dpse19","Collinear",NA
"20500000","20550000",0.0180135617674427,20.5,20.55,"Dper8_Dpse19","Collinear",NA
"20550000","20600000",0.0197268149314869,20.55,20.6,"Dper8_Dpse19","Collinear",NA
"20600000","20650000",0.0189885614768539,20.6,20.65,"Dper8_Dpse19","Collinear",NA
"20650000","20700000",0.0192325719579587,20.65,20.7,"Dper8_Dpse19","Collinear",NA
"20700000","20750000",0.0216027113871137,20.7,20.75,"Dper8_Dpse19","Collinear",NA
"20750000","20800000",0.0195929021522746,20.75,20.8,"Dper8_Dpse19","Collinear",NA
"20800000","20850000",0.0172691322497604,20.8,20.85,"Dper8_Dpse19","Collinear",NA
"20850000","20900000",0.0163696069131714,20.85,20.9,"Dper8_Dpse19","Collinear",NA
"20900000","20950000",0.0168541780093551,20.9,20.95,"Dper8_Dpse19","Collinear",NA
"20950000","21000000",0.0174607705243777,20.95,21,"Dper8_Dpse19","Collinear",NA
"2100000","2150000",0.00933496397047371,2.1,2.15,"Dper8_Dpse19","Collinear",NA
"21000000","21050000",0.0195182425527736,21,21.05,"Dper8_Dpse19","Collinear",NA
"21050000","21100000",0.0185961533192408,21.05,21.1,"Dper8_Dpse19","Collinear",NA
"21100000","21150000",0.0129512659126182,21.1,21.15,"Dper8_Dpse19","Collinear",NA
"21150000","21200000",0.0126422043980595,21.15,21.2,"Dper8_Dpse19","Collinear",NA
"21200000","21250000",0.0198999808846222,21.2,21.25,"Dper8_Dpse19","Collinear",NA
"21250000","21300000",0.0171316046565363,21.25,21.3,"Dper8_Dpse19","Collinear",NA
"21300000","21350000",0.0158860990688894,21.3,21.35,"Dper8_Dpse19","Collinear",NA
"21350000","21400000",0.0175265518897651,21.35,21.4,"Dper8_Dpse19","Collinear",NA
"21400000","21450000",0.0214836417838248,21.4,21.45,"Dper8_Dpse19","Collinear",NA
"21450000","21500000",0.0114845693464962,21.45,21.5,"Dper8_Dpse19","Collinear",NA
"2150000","2200000",0.0111535588106188,2.15,2.2,"Dper8_Dpse19","Collinear",NA
"21500000","21550000",0.0162701316585684,21.5,21.55,"Dper8_Dpse19","Collinear",NA
"21550000","21600000",0.012707991433432,21.55,21.6,"Dper8_Dpse19","Collinear",NA
"21600000","21650000",0.0129056489088603,21.6,21.65,"Dper8_Dpse19","Collinear",NA
"21650000","21700000",0.0157237889955646,21.65,21.7,"Dper8_Dpse19","Collinear",NA
"21700000","21750000",0.0201787740755943,21.7,21.75,"Dper8_Dpse19","Collinear",NA
"21750000","21800000",0.0208065174864931,21.75,21.8,"Dper8_Dpse19","Collinear",NA
"21800000","21850000",0.020746274680903,21.8,21.85,"Dper8_Dpse19","Collinear",NA
"21850000","21900000",0.0172962512476772,21.85,21.9,"Dper8_Dpse19","Collinear",NA
"21900000","21950000",0.010071209871758,21.9,21.95,"Dper8_Dpse19","Collinear",NA
"21950000","22000000",0.0103630161827861,21.95,22,"Dper8_Dpse19","Collinear",NA
"2200000","2250000",0.0124873073531801,2.2,2.25,"Dper8_Dpse19","Collinear",NA
"22000000","22050000",0.0113025914231983,22,22.05,"Dper8_Dpse19","Collinear",NA
"22050000","22100000",0.0079493407229434,22.05,22.1,"Dper8_Dpse19","Collinear",NA
"22100000","22150000",0.0180720127801086,22.1,22.15,"Dper8_Dpse19","Collinear",NA
"2250000","2300000",0.00816001347063463,2.25,2.3,"Dper8_Dpse19","Collinear",NA
"2300000","2350000",0.00882598448819586,2.3,2.35,"Dper8_Dpse19","Collinear",NA
"2350000","2400000",0.00797321616953302,2.35,2.4,"Dper8_Dpse19","Collinear",NA
"2400000","2450000",0.00686061919939391,2.4,2.45,"Dper8_Dpse19","Collinear",NA
"2450000","2500000",0.00489133813320746,2.45,2.5,"Dper8_Dpse19","Collinear",NA
"250000","300000",0.00943814574635751,0.25,0.3,"Dper8_Dpse19","Collinear",NA
"2500000","2550000",0.00893107175310245,2.5,2.55,"Dper8_Dpse19","Collinear",NA
"2550000","2600000",0.0088402011988326,2.55,2.6,"Dper8_Dpse19","Collinear",NA
"2600000","2650000",0.00941040339724828,2.6,2.65,"Dper8_Dpse19","Collinear",NA
"2650000","2700000",0.00795476957058619,2.65,2.7,"Dper8_Dpse19","Collinear",NA
"2700000","2750000",0.00694444455416327,2.7,2.75,"Dper8_Dpse19","Collinear",NA
"2750000","2800000",0.00937281053185128,2.75,2.8,"Dper8_Dpse19","Collinear",NA
"2800000","2850000",0.00892839825055666,2.8,2.85,"Dper8_Dpse19","Collinear",NA
"2850000","2900000",0.0115307523878627,2.85,2.9,"Dper8_Dpse19","Collinear",NA
"2900000","2950000",0.00622544044113689,2.9,2.95,"Dper8_Dpse19","Collinear",NA
"2950000","3000000",0.00863763009753625,2.95,3,"Dper8_Dpse19","Collinear",NA
"300000","350000",0.00811123714497792,0.3,0.35,"Dper8_Dpse19","Collinear",NA
"3000000","3050000",0.00756319802073524,3,3.05,"Dper8_Dpse19","Collinear",NA
"3050000","3100000",0.00731630086399791,3.05,3.1,"Dper8_Dpse19","Collinear",NA
"3100000","3150000",0.0155130790194557,3.1,3.15,"Dper8_Dpse19","Collinear",NA
"3150000","3200000",0.0147078864086976,3.15,3.2,"Dper8_Dpse19","Collinear",NA
"3200000","3250000",0.0139086957835055,3.2,3.25,"Dper8_Dpse19","Collinear",NA
"3250000","3300000",0.00970023040761601,3.25,3.3,"Dper8_Dpse19","Collinear",NA
"3300000","3350000",0.0106305176067233,3.3,3.35,"Dper8_Dpse19","Collinear",NA
"3350000","3400000",0.0108921497054451,3.35,3.4,"Dper8_Dpse19","Collinear",NA
"3400000","3450000",0.00843855145381186,3.4,3.45,"Dper8_Dpse19","Collinear",NA
"3450000","3500000",0.00870034864531279,3.45,3.5,"Dper8_Dpse19","Collinear",NA
"350000","400000",0.00773817579101429,0.35,0.4,"Dper8_Dpse19","Collinear",NA
"3500000","3550000",0.00897410587611189,3.5,3.55,"Dper8_Dpse19","Collinear",NA
"3550000","3600000",0.00840239296432225,3.55,3.6,"Dper8_Dpse19","Collinear",NA
"3600000","3650000",0.0139452987931429,3.6,3.65,"Dper8_Dpse19","Collinear",NA
"3650000","3700000",0.0146548184740534,3.65,3.7,"Dper8_Dpse19","Collinear",NA
"3700000","3750000",0.0121550166140001,3.7,3.75,"Dper8_Dpse19","Collinear",NA
"3750000","3800000",0.0122390360458149,3.75,3.8,"Dper8_Dpse19","Collinear",NA
"3800000","3850000",0.0156790682744837,3.8,3.85,"Dper8_Dpse19","Collinear",NA
"3850000","3900000",0.0159224333160134,3.85,3.9,"Dper8_Dpse19","Collinear",NA
"3900000","3950000",0.0205071026590507,3.9,3.95,"Dper8_Dpse19","Collinear",NA
"3950000","4000000",0.0172594765532393,3.95,4,"Dper8_Dpse19","Collinear",NA
"400000","450000",0.00850937343136951,0.4,0.45,"Dper8_Dpse19","Collinear",NA
"4000000","4050000",0.0118214250097728,4,4.05,"Dper8_Dpse19","Collinear",NA
"4050000","4100000",0.0134423536217477,4.05,4.1,"Dper8_Dpse19","Collinear",NA
"4100000","4150000",0.0200388493853459,4.1,4.15,"Dper8_Dpse19","Collinear",NA
"4150000","4200000",0.0142696971714606,4.15,4.2,"Dper8_Dpse19","Collinear",NA
"4200000","4250000",0.0120743989322597,4.2,4.25,"Dper8_Dpse19","Collinear",NA
"4250000","4300000",0.0140615529721042,4.25,4.3,"Dper8_Dpse19","Collinear",NA
"4300000","4350000",0.0166569067134162,4.3,4.35,"Dper8_Dpse19","Collinear",NA
"4350000","4400000",0.0137173278306204,4.35,4.4,"Dper8_Dpse19","Collinear",NA
"4400000","4450000",0.00990694554534015,4.4,4.45,"Dper8_Dpse19","Collinear",NA
"4450000","4500000",0.00996519098670869,4.45,4.5,"Dper8_Dpse19","Collinear",NA
"450000","500000",0.0111672173739153,0.45,0.5,"Dper8_Dpse19","Collinear",NA
"4500000","4550000",0.0113966946225163,4.5,4.55,"Dper8_Dpse19","Collinear",NA
"4550000","4600000",0.0115757931447867,4.55,4.6,"Dper8_Dpse19","Collinear",NA
"4600000","4650000",0.0110594598667342,4.6,4.65,"Dper8_Dpse19","Collinear",NA
"4650000","4700000",0.0123978785848297,4.65,4.7,"Dper8_Dpse19","Collinear",NA
"4700000","4750000",0.0149907498222433,4.7,4.75,"Dper8_Dpse19","Collinear",NA
"4750000","4800000",0.0151991529936222,4.75,4.8,"Dper8_Dpse19","Collinear",NA
"4800000","4850000",0.0146136105415582,4.8,4.85,"Dper8_Dpse19","Collinear",NA
"4850000","4900000",0.013397921724066,4.85,4.9,"Dper8_Dpse19","Collinear",NA
"4900000","4950000",0.0148984552247685,4.9,4.95,"Dper8_Dpse19","Collinear",NA
"4950000","5000000",0.0167743536389345,4.95,5,"Dper8_Dpse19","Collinear",NA
"50000","100000",0.00604672386649869,0.05,0.1,"Dper8_Dpse19","Collinear",NA
"500000","550000",0.00969539862004542,0.5,0.55,"Dper8_Dpse19","Collinear",NA
"5000000","5050000",0.012149086334866,5,5.05,"Dper8_Dpse19","Collinear","Collinear"
"5050000","5100000",0.0103159046442591,5.05,5.1,"Dper8_Dpse19","Collinear","Collinear"
"5100000","5150000",0.0139216828661218,5.1,5.15,"Dper8_Dpse19","Collinear","Collinear"
"5150000","5200000",0.0125938947805818,5.15,5.2,"Dper8_Dpse19","Collinear","Collinear"
"5200000","5250000",0.0145348230129089,5.2,5.25,"Dper8_Dpse19","Collinear","Collinear"
"5250000","5300000",0.0132948129994996,5.25,5.3,"Dper8_Dpse19","Collinear","Collinear"
"5300000","5350000",0.0108462110389588,5.3,5.35,"Dper8_Dpse19","Collinear","Collinear"
"5350000","5400000",0.0168229171821416,5.35,5.4,"Dper8_Dpse19","Collinear","Collinear"
"5400000","5450000",0.0161456470984277,5.4,5.45,"Dper8_Dpse19","Collinear","Collinear"
"5450000","5500000",0.0135124372457839,5.45,5.5,"Dper8_Dpse19","Collinear","Collinear"
"550000","600000",0.0140213625998707,0.55,0.6,"Dper8_Dpse19","Collinear",NA
"5500000","5550000",0.0136451953793735,5.5,5.55,"Dper8_Dpse19","Collinear","Collinear"
"5550000","5600000",0.0139706444131894,5.55,5.6,"Dper8_Dpse19","Collinear","Collinear"
"5600000","5650000",0.0125199408930717,5.6,5.65,"Dper8_Dpse19","Collinear","Collinear"
"5650000","5700000",0.0122321367968837,5.65,5.7,"Dper8_Dpse19","Collinear","Collinear"
"5700000","5750000",0.0120450524731388,5.7,5.75,"Dper8_Dpse19","Collinear","Collinear"
"5750000","5800000",0.0132393073058835,5.75,5.8,"Dper8_Dpse19","Collinear","Collinear"
"5800000","5850000",0.0139016327263514,5.8,5.85,"Dper8_Dpse19","Collinear","Collinear"
"5850000","5900000",0.0137576095815115,5.85,5.9,"Dper8_Dpse19","Collinear","Collinear"
"5900000","5950000",0.010299485757795,5.9,5.95,"Dper8_Dpse19","Collinear","Collinear"
"5950000","6000000",0.0111816709912554,5.95,6,"Dper8_Dpse19","Collinear","Collinear"
"600000","650000",0.0127717502419568,0.6,0.65,"Dper8_Dpse19","Collinear",NA
"6000000","6050000",0.0157219572360444,6,6.05,"Dper8_Dpse19","Collinear","Collinear"
"6050000","6100000",0.0152277853737178,6.05,6.1,"Dper8_Dpse19","Collinear","Collinear"
"6100000","6150000",0.0127319209533842,6.1,6.15,"Dper8_Dpse19","Collinear","Collinear"
"6150000","6200000",0.00747501244054819,6.15,6.2,"Dper8_Dpse19","Collinear","Collinear"
"6200000","6250000",0.000126745379609736,6.2,6.25,"Dper8_Dpse19","Collinear","Collinear"
"6250000","6300000",0.0138023123277845,6.25,6.3,"Dper8_Dpse19","Collinear","Collinear"
"6300000","6350000",0.0110166215833725,6.3,6.35,"Dper8_Dpse19","Collinear","Collinear"
"6350000","6400000",0.0128981558027314,6.35,6.4,"Dper8_Dpse19","Collinear","Collinear"
"6400000","6450000",0.0108976370405267,6.4,6.45,"Dper8_Dpse19","Collinear","Collinear"
"6450000","6500000",0.0097210717520891,6.45,6.5,"Dper8_Dpse19","Collinear","Collinear"
"650000","700000",0.0118192227920389,0.65,0.7,"Dper8_Dpse19","Collinear",NA
"6500000","6550000",0.00575049839860027,6.5,6.55,"Dper8_Dpse19","Collinear","Collinear"
"6550000","6600000",0.00794742328363659,6.55,6.6,"Dper8_Dpse19","Collinear","Collinear"
"6600000","6650000",0.0106107548022868,6.6,6.65,"Dper8_Dpse19","Collinear","Collinear"
"6650000","6700000",0.0149930476677239,6.65,6.7,"Dper8_Dpse19","Collinear","Collinear"
"6700000","6750000",0.0125772908000543,6.7,6.75,"Dper8_Dpse19","Collinear","Collinear"
"6750000","6800000",0.0141490110858413,6.75,6.8,"Dper8_Dpse19","Collinear","Collinear"
"6800000","6850000",0.0134068404926261,6.8,6.85,"Dper8_Dpse19","Collinear","Collinear"
"6850000","6900000",0.0140174497347085,6.85,6.9,"Dper8_Dpse19","Collinear","Collinear"
"6900000","6950000",0.0120777285448043,6.9,6.95,"Dper8_Dpse19","Collinear","Collinear"
"6950000","7000000",0.0140929474847772,6.95,7,"Dper8_Dpse19","Collinear","Collinear"
"700000","750000",0.00904378384321253,0.7,0.75,"Dper8_Dpse19","Collinear",NA
"7000000","7050000",0.0139530482236354,7,7.05,"Dper8_Dpse19","Collinear","Collinear"
"7050000","7100000",0.0132207225687324,7.05,7.1,"Dper8_Dpse19","Collinear","Collinear"
"7100000","7150000",0.0147885695531289,7.1,7.15,"Dper8_Dpse19","Collinear","Collinear"
"7150000","7200000",0.0183160204899872,7.15,7.2,"Dper8_Dpse19","Collinear","Collinear"
"7200000","7250000",0.0135471023980841,7.2,7.25,"Dper8_Dpse19","Collinear","Collinear"
"7250000","7300000",0.0114330526488023,7.25,7.3,"Dper8_Dpse19","Collinear","Collinear"
"7300000","7350000",0.014491248588153,7.3,7.35,"Dper8_Dpse19","Collinear","Collinear"
"7350000","7400000",0.013680366185477,7.35,7.4,"Dper8_Dpse19","Collinear","Collinear"
"7400000","7450000",0.0106351814402493,7.4,7.45,"Dper8_Dpse19","Collinear","Collinear"
"7450000","7500000",0.0159544170221619,7.45,7.5,"Dper8_Dpse19","Collinear","Collinear"
"750000","800000",0.00925368515563639,0.75,0.8,"Dper8_Dpse19","Collinear",NA
"7500000","7550000",0.0161882455882325,7.5,7.55,"Dper8_Dpse19","Collinear","Collinear"
"7550000","7600000",0.0157156494959568,7.55,7.6,"Dper8_Dpse19","Collinear","Collinear"
"7600000","7650000",0.0164759878072701,7.6,7.65,"Dper8_Dpse19","Collinear","Collinear"
"7650000","7700000",0.0137049496567525,7.65,7.7,"Dper8_Dpse19","Collinear","Collinear"
"7700000","7750000",0.0134919383299416,7.7,7.75,"Dper8_Dpse19","Collinear","Collinear"
"7750000","7800000",0.0126729477840402,7.75,7.8,"Dper8_Dpse19","Collinear","Collinear"
"7800000","7850000",0.0140747189125143,7.8,7.85,"Dper8_Dpse19","Collinear","Collinear"
"7850000","7900000",0.0139694966520036,7.85,7.9,"Dper8_Dpse19","Collinear","Collinear"
"7900000","7950000",0.0129081359465788,7.9,7.95,"Dper8_Dpse19","Collinear","Collinear"
"7950000","8000000",0.0169788060513631,7.95,8,"Dper8_Dpse19","Collinear","Collinear"
"800000","850000",0.00711413562595359,0.8,0.85,"Dper8_Dpse19","Collinear",NA
"8000000","8050000",0.0148534971385641,8,8.05,"Dper8_Dpse19","Collinear","Collinear"
"8050000","8100000",0.0141459591746623,8.05,8.1,"Dper8_Dpse19","Collinear","Collinear"
"8100000","8150000",0.0166011224809166,8.1,8.15,"Dper8_Dpse19","Collinear",NA
"8150000","8200000",0.0136513987412792,8.15,8.2,"Dper8_Dpse19","Collinear",NA
"8200000","8250000",0.0138175595753361,8.2,8.25,"Dper8_Dpse19","Collinear",NA
"8250000","8300000",0.0150842725994314,8.25,8.3,"Dper8_Dpse19","Collinear",NA
"8300000","8350000",0.016971627665047,8.3,8.35,"Dper8_Dpse19","Collinear",NA
"8350000","8400000",0.0123756568101138,8.35,8.4,"Dper8_Dpse19","Collinear",NA
"8400000","8450000",0.0152694293009109,8.4,8.45,"Dper8_Dpse19","Collinear",NA
"8450000","8500000",0.0138870647209407,8.45,8.5,"Dper8_Dpse19","Collinear",NA
"850000","900000",0.00837226035811332,0.85,0.9,"Dper8_Dpse19","Collinear",NA
"8500000","8550000",0.0150162632884818,8.5,8.55,"Dper8_Dpse19","Collinear",NA
"8550000","8600000",0.0167913390959903,8.55,8.6,"Dper8_Dpse19","Collinear",NA
"8600000","8650000",0.0101235406247177,8.6,8.65,"Dper8_Dpse19","Collinear",NA
"8650000","8700000",0.0123263977014552,8.65,8.7,"Dper8_Dpse19","Collinear",NA
"8700000","8750000",0.0116682841235267,8.7,8.75,"Dper8_Dpse19","Collinear",NA
"8750000","8800000",0.0158584065412654,8.75,8.8,"Dper8_Dpse19","Collinear",NA
"8800000","8850000",0.018058737904653,8.8,8.85,"Dper8_Dpse19","Collinear",NA
"8850000","8900000",0.0169453066868128,8.85,8.9,"Dper8_Dpse19","Collinear",NA
"8900000","8950000",0.0181295458142041,8.9,8.95,"Dper8_Dpse19","Collinear",NA
"8950000","9000000",0.0127402707137116,8.95,9,"Dper8_Dpse19","Collinear",NA
"900000","950000",0.0130356086818982,0.9,0.95,"Dper8_Dpse19","Collinear",NA
"9000000","9050000",0.0127650293301937,9,9.05,"Dper8_Dpse19","Collinear",NA
"9050000","9100000",0.0147512090651605,9.05,9.1,"Dper8_Dpse19","Collinear",NA
"9100000","9150000",0.0183549187065986,9.1,9.15,"Dper8_Dpse19","Collinear",NA
"9150000","9200000",0.0175872082355703,9.15,9.2,"Dper8_Dpse19","Collinear",NA
"9200000","9250000",0.0203579881424154,9.2,9.25,"Dper8_Dpse19","Collinear",NA
"9250000","9300000",0.0166148458060314,9.25,9.3,"Dper8_Dpse19","Collinear",NA
"9300000","9350000",0.0137398995129148,9.3,9.35,"Dper8_Dpse19","Collinear",NA
"9350000","9400000",0.0204158810519839,9.35,9.4,"Dper8_Dpse19","Collinear",NA
"9400000","9450000",0.0236072165538226,9.4,9.45,"Dper8_Dpse19","Collinear",NA
"9450000","9500000",0.0192098725551417,9.45,9.5,"Dper8_Dpse19","Collinear",NA
"950000","1000000",0.0123689692943628,0.95,1,"Dper8_Dpse19","Collinear",NA
"9500000","9550000",0.0181164559688334,9.5,9.55,"Dper8_Dpse19","Collinear",NA
"9550000","9600000",0.0174115950175444,9.55,9.6,"Dper8_Dpse19","Collinear",NA
"9600000","9650000",0.0148375671425057,9.6,9.65,"Dper8_Dpse19","Collinear",NA
"9650000","9700000",0.0211855083811153,9.65,9.7,"Dper8_Dpse19","Collinear",NA
"9700000","9750000",0.0204588066240346,9.7,9.75,"Dper8_Dpse19","Collinear",NA
"9750000","9800000",0.0171656112762947,9.75,9.8,"Dper8_Dpse19","Collinear",NA
"9800000","9850000",0.0157147141391358,9.8,9.85,"Dper8_Dpse19","Collinear",NA
"9850000","9900000",0.0206925017212538,9.85,9.9,"Dper8_Dpse19","Collinear",NA
"9900000","9950000",0.0186916300995655,9.9,9.95,"Dper8_Dpse19","Collinear",NA
"9950000","10000000",0.0191034840292712,9.95,10,"Dper8_Dpse19","Collinear",NA
