"chr","windowStart","windowEnd","D","f_d","f_dM","StartMb","EndMb","center","Chrom","fd_filtered","Cat","CatConserv"
"NC_030302.1",12660,59045,0.201927,0.037851,0.021243,0.01266,0.059045,0.0358525,"ChrXL",0.037851,"Collinear",NA
"NC_030302.1",59658,117790,0.092003,0.017069,0.007822,0.059658,0.11779,0.088724,"ChrXL",0.017069,"Collinear",NA
"NC_030302.1",117883,130874,0.073322,0.046474,0.020345,0.117883,0.130874,0.1243785,"ChrXL",0.046474,"Collinear",NA
"NC_030302.1",130914,152314,-0.068692,-0.036489,-0.014183,0.130914,0.152314,0.141614,"ChrXL",NA,"Collinear",NA
"NC_030302.1",152315,168079,0.223505,0.117755,0.054146,0.152315,0.168079,0.160197,"ChrXL",0.117755,"Collinear",NA
"NC_030302.1",168627,182592,-0.053079,-0.02684,-0.012372,0.168627,0.182592,0.1756095,"ChrXL",NA,"Collinear",NA
"NC_030302.1",182847,214787,0.153696,0.035891,0.019946,0.182847,0.214787,0.198817,"ChrXL",0.035891,"Collinear",NA
"NC_030302.1",214788,276530,0.078548,0.014404,0.007757,0.214788,0.27653,0.245659,"ChrXL",0.014404,"Collinear",NA
"NC_030302.1",276541,324448,0.155645,0.034572,0.018516,0.276541,0.324448,0.3004945,"ChrXL",0.034572,"Collinear",NA
"NC_030302.1",324623,357139,-0.027577,-0.008121,-0.004476,0.324623,0.357139,0.340881,"ChrXL",NA,"Collinear",NA
"NC_030302.1",357694,397268,-0.008135,-0.001874,-0.000945,0.357694,0.397268,0.377481,"ChrXL",NA,"Collinear",NA
"NC_030302.1",398688,436876,0.186077,0.037663,0.018558,0.398688,0.436876,0.417782,"ChrXL",0.037663,"Collinear",NA
"NC_030302.1",436878,457298,0.224886,0.09135,0.051534,0.436878,0.457298,0.447088,"ChrXL",0.09135,"Collinear",NA
"NC_030302.1",457736,475602,-0.078964,-0.028743,-0.015719,0.457736,0.475602,0.466669,"ChrXL",NA,"Collinear",NA
"NC_030302.1",475745,495340,0.112459,0.036099,0.01749,0.475745,0.49534,0.4855425,"ChrXL",0.036099,"Collinear",NA
"NC_030302.1",496211,516411,0.217934,0.105626,0.045762,0.496211,0.516411,0.506311,"ChrXL",0.105626,"Collinear",NA
"NC_030302.1",516445,542180,0.055859,0.020138,0.010237,0.516445,0.54218,0.5293125,"ChrXL",0.020138,"Collinear",NA
"NC_030302.1",542583,572919,0.162771,0.036365,0.017746,0.542583,0.572919,0.557751,"ChrXL",0.036365,"Collinear",NA
"NC_030302.1",572925,578459,-0.211838,-0.164694,-0.077277,0.572925,0.578459,0.575692,"ChrXL",NA,"Collinear",NA
"NC_030302.1",578474,623450,0.099144,0.016987,0.008408,0.578474,0.62345,0.600962,"ChrXL",0.016987,"Collinear",NA
"NC_030302.1",624348,650763,-0.074658,-0.020646,-0.010124,0.624348,0.650763,0.6375555,"ChrXL",NA,"Collinear",NA
"NC_030302.1",650931,665592,-0.06931,-0.02434,-0.010195,0.650931,0.665592,0.6582615,"ChrXL",NA,"Collinear",NA
"NC_030302.1",665904,674125,0.074838,0.039939,0.025842,0.665904,0.674125,0.6700145,"ChrXL",0.039939,"Collinear",NA
"NC_030302.1",674128,706962,-0.206432,-0.035869,-0.020637,0.674128,0.706962,0.690545,"ChrXL",NA,"Collinear",NA
"NC_030302.1",706973,743175,0.079428,0.018469,0.008845,0.706973,0.743175,0.725074,"ChrXL",0.018469,"Collinear",NA
"NC_030302.1",743445,787369,0.181111,0.037866,0.016824,0.743445,0.787369,0.765407,"ChrXL",0.037866,"Collinear",NA
"NC_030302.1",787557,806243,0.030114,0.022093,0.011858,0.787557,0.806243,0.7969,"ChrXL",0.022093,"Collinear",NA
"NC_030302.1",806245,821127,0.031001,0.03748,0.018915,0.806245,0.821127,0.813686,"ChrXL",0.03748,"Collinear",NA
"NC_030302.1",821128,845303,0.1539,0.129317,0.051437,0.821128,0.845303,0.8332155,"ChrXL",0.129317,"Collinear",NA
"NC_030302.1",845320,851715,0.184028,0.17414,0.102819,0.84532,0.851715,0.8485175,"ChrXL",0.17414,"Collinear",NA
"NC_030302.1",857739,868603,0.032721,0.034814,0.013893,0.857739,0.868603,0.863171,"ChrXL",0.034814,"Collinear",NA
"NC_030302.1",868621,892535,-0.006421,-0.002476,-0.000911,0.868621,0.892535,0.880578,"ChrXL",NA,"Collinear",NA
"NC_030302.1",892740,912121,0.346817,0.169505,0.072483,0.89274,0.912121,0.9024305,"ChrXL",0.169505,"Collinear",NA
"NC_030302.1",912557,941090,0.39554,0.1084,0.050072,0.912557,0.94109,0.9268235,"ChrXL",0.1084,"Collinear",NA
"NC_030302.1",941124,974727,0.041806,0.010504,0.005218,0.941124,0.974727,0.9579255,"ChrXL",0.010504,"Collinear",NA
"NC_030302.1",975064,981484,0.18365,0.111489,0.056968,0.975064,0.981484,0.978274,"ChrXL",0.111489,"Collinear",NA
"NC_030302.1",981542,995148,-0.01425,-0.010978,-0.004186,0.981542,0.995148,0.988345,"ChrXL",NA,"Collinear",NA
"NC_030302.1",995160,999416,-0.042109,-0.032352,-0.016948,0.99516,0.999416,0.997288,"ChrXL",NA,"Collinear",NA
"NC_030302.1",999428,1011882,-0.075419,-0.055402,-0.021927,0.999428,1.011882,1.005655,"ChrXL",NA,"Collinear",NA
"NC_030302.1",1011934,1028353,-0.068275,-0.05475,-0.02234,1.011934,1.028353,1.0201435,"ChrXL",NA,"Collinear",NA
"NC_030302.1",1028357,1041084,0.040397,0.047622,0.030798,1.028357,1.041084,1.0347205,"ChrXL",0.047622,"Collinear",NA
"NC_030302.1",1041085,1057568,0.103667,0.047651,0.022342,1.041085,1.057568,1.0493265,"ChrXL",0.047651,"Collinear",NA
"NC_030302.1",1057571,1060484,0.389561,0.224587,0.150783,1.057571,1.060484,1.0590275,"ChrXL",0.224587,"Collinear",NA
"NC_030302.1",1060507,1063686,0.06979,0.0504,0.035235,1.060507,1.063686,1.0620965,"ChrXL",0.0504,"Collinear",NA
"NC_030302.1",1063690,1066601,-0.006459,-0.005963,-0.003915,1.06369,1.066601,1.0651455,"ChrXL",NA,"Collinear",NA
"NC_030302.1",1066604,1071539,0.077879,0.097898,0.04474,1.066604,1.071539,1.0690715,"ChrXL",0.097898,"Collinear",NA
"NC_030302.1",1071558,1077689,-0.033312,-0.029338,-0.014393,1.071558,1.077689,1.0746235,"ChrXL",NA,"Collinear",NA
"NC_030302.1",1077708,1089966,0.36202,0.125931,0.077172,1.077708,1.089966,1.083837,"ChrXL",0.125931,"Collinear",NA
"NC_030302.1",1090024,1107947,-0.106466,-0.032198,-0.017488,1.090024,1.107947,1.0989855,"ChrXL",NA,"Collinear",NA
"NC_030302.1",1108333,1134816,0.00189,0.000727,0.000419,1.108333,1.134816,1.1215745,"ChrXL",0.000727,"Collinear",NA
"NC_030302.1",1134832,1161647,-0.067955,-0.028871,-0.016824,1.134832,1.161647,1.1482395,"ChrXL",NA,"Collinear",NA
"NC_030302.1",1161817,1200352,-0.086339,-0.019431,-0.009504,1.161817,1.200352,1.1810845,"ChrXL",NA,"Collinear",NA
"NC_030302.1",1200479,1279213,0.058165,0.0105,0.004861,1.200479,1.279213,1.239846,"ChrXL",0.0105,"Collinear",NA
"NC_030302.1",1279234,1285475,0.037858,0.026946,0.015519,1.279234,1.285475,1.2823545,"ChrXL",0.026946,"Collinear",NA
"NC_030302.1",1285479,1304963,-0.009587,-0.002964,-0.00144,1.285479,1.304963,1.295221,"ChrXL",NA,"Collinear",NA
"NC_030302.1",1306520,1355913,-0.119846,-0.019372,-0.010488,1.30652,1.355913,1.3312165,"ChrXL",NA,"Collinear",NA
"NC_030302.1",1356402,1386463,0.15192,0.04009,0.01966,1.356402,1.386463,1.3714325,"ChrXL",0.04009,"Collinear",NA
"NC_030302.1",1387693,1427388,-0.027773,-0.003326,-0.001715,1.387693,1.427388,1.4075405,"ChrXL",NA,"Collinear",NA
"NC_030302.1",1428822,1449244,0.344893,0.072621,0.039895,1.428822,1.449244,1.439033,"ChrXL",0.072621,"Collinear",NA
"NC_030302.1",1449259,1452144,0.049406,0.050925,0.034446,1.449259,1.452144,1.4507015,"ChrXL",0.050925,"Collinear",NA
"NC_030302.1",1452159,1456334,0.093488,0.151058,0.08006,1.452159,1.456334,1.4542465,"ChrXL",0.151058,"Collinear",NA
"NC_030302.1",1456497,1478795,0.235867,0.051373,0.027972,1.456497,1.478795,1.467646,"ChrXL",0.051373,"Collinear",NA
"NC_030302.1",1478888,1512759,0.3012,0.071434,0.038863,1.478888,1.512759,1.4958235,"ChrXL",0.071434,"Collinear",NA
"NC_030302.1",1512768,1538044,0.042427,0.010903,0.005662,1.512768,1.538044,1.525406,"ChrXL",0.010903,"Collinear",NA
"NC_030302.1",1538055,1552724,0.213254,0.078875,0.048376,1.538055,1.552724,1.5453895,"ChrXL",0.078875,"Collinear",NA
"NC_030302.1",1552728,1567019,-0.067972,-0.045474,-0.024998,1.552728,1.567019,1.5598735,"ChrXL",NA,"Collinear",NA
"NC_030302.1",1567023,1568369,-0.07309,-0.192347,-0.071505,1.567023,1.568369,1.567696,"ChrXL",NA,"Collinear",NA
"NC_030302.1",1568474,1578597,0.107075,0.054769,0.042363,1.568474,1.578597,1.5735355,"ChrXL",0.054769,"Collinear",NA
"NC_030302.1",1578624,1586508,0.051024,0.033115,0.019429,1.578624,1.586508,1.582566,"ChrXL",0.033115,"Collinear",NA
"NC_030302.1",1586574,1591641,0.263416,0.139044,0.102879,1.586574,1.591641,1.5891075,"ChrXL",0.139044,"Collinear",NA
"NC_030302.1",1591645,1595160,0.223383,0.188966,0.13345,1.591645,1.59516,1.5934025,"ChrXL",0.188966,"Collinear",NA
"NC_030302.1",1595177,1604981,0.170569,0.13798,0.07936,1.595177,1.604981,1.600079,"ChrXL",0.13798,"Collinear",NA
"NC_030302.1",1604982,1608707,-0.018433,-0.02248,-0.010854,1.604982,1.608707,1.6068445,"ChrXL",NA,"Collinear",NA
"NC_030302.1",1608717,1612013,-0.043269,-0.061667,-0.029594,1.608717,1.612013,1.610365,"ChrXL",NA,"Collinear",NA
"NC_030302.1",1612047,1632856,0.102443,0.108597,0.052511,1.612047,1.632856,1.6224515,"ChrXL",0.108597,"Collinear",NA
"NC_030302.1",1632861,1652133,0.005646,0.00272,0.001718,1.632861,1.652133,1.642497,"ChrXL",0.00272,"Collinear",NA
"NC_030302.1",1652206,1677847,0.000302,9.8e-05,5.2e-05,1.652206,1.677847,1.6650265,"ChrXL",9.8e-05,"Collinear",NA
"NC_030302.1",1677934,1724214,0.000235,3.6e-05,1.9e-05,1.677934,1.724214,1.701074,"ChrXL",3.6e-05,"Collinear",NA
"NC_030302.1",1725750,1777253,0.078382,0.007488,0.004695,1.72575,1.777253,1.7515015,"ChrXL",0.007488,"Collinear",NA
"NC_030302.1",1777419,1813678,0.185014,0.045005,0.024849,1.777419,1.813678,1.7955485,"ChrXL",0.045005,"Collinear",NA
"NC_030302.1",1816459,1866581,-0.235439,-0.024933,-0.012369,1.816459,1.866581,1.84152,"ChrXL",NA,"Collinear",NA
"NC_030302.1",1866649,1920032,0.232271,0.025106,0.013694,1.866649,1.920032,1.8933405,"ChrXL",0.025106,"Collinear",NA
"NC_030302.1",1923707,1951788,0.29484,0.13583,0.073041,1.923707,1.951788,1.9377475,"ChrXL",0.13583,"Collinear",NA
"NC_030302.1",1951798,1991294,-0.049661,-0.009456,-0.004536,1.951798,1.991294,1.971546,"ChrXL",NA,"Collinear",NA
"NC_030302.1",1991301,2029187,0.13679,0.028497,0.016101,1.991301,2.029187,2.010244,"ChrXL",0.028497,"Collinear",NA
"NC_030302.1",2029498,2090618,-0.316977,-0.048371,-0.024973,2.029498,2.090618,2.060058,"ChrXL",NA,"Collinear",NA
"NC_030302.1",2090626,2128369,0.225814,0.055389,0.025864,2.090626,2.128369,2.1094975,"ChrXL",0.055389,"Collinear",NA
"NC_030302.1",2129438,2173428,-0.254499,-0.051932,-0.023141,2.129438,2.173428,2.151433,"ChrXL",NA,"Collinear",NA
"NC_030302.1",2173454,2179435,-0.104063,-0.074807,-0.033748,2.173454,2.179435,2.1764445,"ChrXL",NA,"Collinear",NA
"NC_030302.1",2179436,2191721,-0.117865,-0.055884,-0.030403,2.179436,2.191721,2.1855785,"ChrXL",NA,"Collinear",NA
"NC_030302.1",2191729,2194682,0.038817,0.075996,0.037019,2.191729,2.194682,2.1932055,"ChrXL",0.075996,"Collinear",NA
"NC_030302.1",2194721,2196968,0.044039,0.042732,0.02586,2.194721,2.196968,2.1958445,"ChrXL",0.042732,"Collinear",NA
"NC_030302.1",2196992,2200009,-0.282935,-0.694235,-0.159969,2.196992,2.200009,2.1985005,"ChrXL",NA,"Collinear",NA
"NC_030302.1",2200016,2202669,0.08862,0.116035,0.052995,2.200016,2.202669,2.2013425,"ChrXL",0.116035,"Collinear",NA
"NC_030302.1",2202682,2207666,0.004878,0.002941,0.002146,2.202682,2.207666,2.205174,"ChrXL",0.002941,"Collinear",NA
"NC_030302.1",2207689,2211872,-0.100493,-0.111119,-0.060395,2.207689,2.211872,2.2097805,"ChrXL",NA,"Collinear",NA
"NC_030302.1",2211873,2223909,-0.20808,-0.211477,-0.080502,2.211873,2.223909,2.217891,"ChrXL",NA,"Collinear",NA
"NC_030302.1",2223930,2239454,-0.171748,-0.085286,-0.051215,2.22393,2.239454,2.231692,"ChrXL",NA,"Collinear",NA
"NC_030302.1",2239471,2242044,0.009833,0.009264,0.004349,2.239471,2.242044,2.2407575,"ChrXL",0.009264,"Collinear",NA
"NC_030302.1",2242189,2252263,0.062626,0.049914,0.024288,2.242189,2.252263,2.247226,"ChrXL",0.049914,"Collinear",NA
"NC_030302.1",2252276,2268932,-0.20574,-0.107312,-0.043529,2.252276,2.268932,2.260604,"ChrXL",NA,"Collinear",NA
"NC_030302.1",2273588,2303153,0.206209,0.039963,0.022396,2.273588,2.303153,2.2883705,"ChrXL",0.039963,"Collinear",NA
"NC_030302.1",2303155,2311603,0.222583,0.183724,0.104752,2.303155,2.311603,2.307379,"ChrXL",0.183724,"Collinear",NA
"NC_030302.1",2311636,2326797,-0.243897,-0.3243,-0.13128,2.311636,2.326797,2.3192165,"ChrXL",NA,"Collinear",NA
"NC_030302.1",2326852,2350361,-0.026758,-0.006278,-0.003686,2.326852,2.350361,2.3386065,"ChrXL",NA,"Collinear",NA
"NC_030302.1",2350930,2372423,0.060107,0.014484,0.008879,2.35093,2.372423,2.3616765,"ChrXL",0.014484,"Collinear",NA
"NC_030302.1",2372428,2397244,0.049152,0.01321,0.006422,2.372428,2.397244,2.384836,"ChrXL",0.01321,"Collinear",NA
"NC_030302.1",2397275,2399543,-0.014877,-0.022061,-0.010949,2.397275,2.399543,2.398409,"ChrXL",NA,"Collinear",NA
"NC_030302.1",2399582,2476687,0.075282,0.007421,0.004608,2.399582,2.476687,2.4381345,"ChrXL",0.007421,"Collinear",NA
"NC_030302.1",2476723,2522985,0.150919,0.034029,0.019492,2.476723,2.522985,2.499854,"ChrXL",0.034029,"Collinear",NA
"NC_030302.1",2523048,2560784,-0.045391,-0.014156,-0.006593,2.523048,2.560784,2.541916,"ChrXL",NA,"Collinear",NA
"NC_030302.1",2561025,2605987,0.157895,0.027399,0.016889,2.561025,2.605987,2.583506,"ChrXL",0.027399,"Collinear",NA
"NC_030302.1",2607795,2737243,-0.056379,-0.003218,-0.002094,2.607795,2.737243,2.672519,"ChrXL",NA,"Collinear",NA
"NC_030302.1",2737370,2766524,-0.059421,-0.007718,-0.005399,2.73737,2.766524,2.751947,"ChrXL",NA,"Collinear",NA
"NC_030302.1",2767073,2768183,0.091733,0.171765,0.109382,2.767073,2.768183,2.767628,"ChrXL",0.171765,"Collinear",NA
"NC_030302.1",2768218,2769508,0.023061,0.049301,0.032799,2.768218,2.769508,2.768863,"ChrXL",0.049301,"Collinear",NA
"NC_030302.1",2769518,2787352,0.10136,0.029788,0.020397,2.769518,2.787352,2.778435,"ChrXL",0.029788,"Collinear",NA
"NC_030302.1",2787462,2847929,0.047864,0.004172,0.003244,2.787462,2.847929,2.8176955,"ChrXL",0.004172,"Collinear",NA
"NC_030302.1",2847930,2872539,0.075118,0.016194,0.009911,2.84793,2.872539,2.8602345,"ChrXL",0.016194,"Collinear",NA
"NC_030302.1",2872545,2876171,-0.004911,-0.005033,-0.002597,2.872545,2.876171,2.874358,"ChrXL",NA,"Collinear",NA
"NC_030302.1",2876192,2886765,-0.000127,-5.3e-05,-3.6e-05,2.876192,2.886765,2.8814785,"ChrXL",NA,"Collinear",NA
"NC_030302.1",2886794,2893591,-0.195405,-0.137998,-0.078092,2.886794,2.893591,2.8901925,"ChrXL",NA,"Collinear",NA
"NC_030302.1",2893596,2894586,-0.066507,-0.130946,-0.066768,2.893596,2.894586,2.894091,"ChrXL",NA,"Collinear",NA
"NC_030302.1",2894589,2895929,0.020726,0.097362,0.024185,2.894589,2.895929,2.895259,"ChrXL",0.097362,"Collinear",NA
"NC_030302.1",2895942,2919239,-0.174642,-0.04362,-0.031597,2.895942,2.919239,2.9075905,"ChrXL",NA,"Collinear",NA
"NC_030302.1",2919241,2930290,-0.04575,-0.068183,-0.025191,2.919241,2.93029,2.9247655,"ChrXL",NA,"Collinear",NA
"NC_030302.1",2930419,2951717,-0.013644,-0.003541,-0.002445,2.930419,2.951717,2.941068,"ChrXL",NA,"Collinear",NA
"NC_030302.1",2951718,2976856,-0.010648,-0.002697,-0.001807,2.951718,2.976856,2.964287,"ChrXL",NA,"Collinear",NA
"NC_030302.1",2976873,2980340,-0.178063,-0.264272,-0.126477,2.976873,2.98034,2.9786065,"ChrXL",NA,"Collinear",NA
"NC_030302.1",2980347,2984392,0.040178,0.048718,0.032772,2.980347,2.984392,2.9823695,"ChrXL",0.048718,"Collinear",NA
"NC_030302.1",2984416,3009145,0.210443,0.118854,0.077176,2.984416,3.009145,2.9967805,"ChrXL",0.118854,"Collinear",NA
"NC_030302.1",3010504,3031080,-0.01632,-0.003925,-0.002852,3.010504,3.03108,3.020792,"ChrXL",NA,"Collinear",NA
"NC_030302.1",3031103,3057668,0.002828,0.000624,0.000464,3.031103,3.057668,3.0443855,"ChrXL",0.000624,"Collinear",NA
"NC_030302.1",3057690,3089731,-0.070567,-0.067442,-0.032529,3.05769,3.089731,3.0737105,"ChrXL",NA,"Collinear",NA
"NC_030302.1",3089733,3107186,-0.106298,-0.068868,-0.029257,3.089733,3.107186,3.0984595,"ChrXL",NA,"Collinear",NA
"NC_030302.1",3107189,3110388,0.075175,0.079688,0.042135,3.107189,3.110388,3.1087885,"ChrXL",0.079688,"Collinear",NA
"NC_030302.1",3110390,3112384,0.002143,0.003321,0.001672,3.11039,3.112384,3.111387,"ChrXL",0.003321,"Collinear",NA
"NC_030302.1",3112415,3117504,-0.10196,-0.102708,-0.047417,3.112415,3.117504,3.1149595,"ChrXL",NA,"Collinear",NA
"NC_030302.1",3117516,3126502,0.143043,0.056413,0.036887,3.117516,3.126502,3.122009,"ChrXL",0.056413,"Collinear",NA
"NC_030302.1",3126521,3129742,-0.017997,-0.019689,-0.009814,3.126521,3.129742,3.1281315,"ChrXL",NA,"Collinear",NA
"NC_030302.1",3129745,3137295,0.005983,0.005473,0.003275,3.129745,3.137295,3.13352,"ChrXL",0.005473,"Collinear",NA
"NC_030302.1",3137297,3138852,-0.027771,-0.04056,-0.021962,3.137297,3.138852,3.1380745,"ChrXL",NA,"Collinear",NA
"NC_030302.1",3138861,3166809,-0.222529,-0.055014,-0.02569,3.138861,3.166809,3.152835,"ChrXL",NA,"Collinear",NA
"NC_030302.1",3167174,3192906,-0.297104,-0.077025,-0.03711,3.167174,3.192906,3.18004,"ChrXL",NA,"Collinear",NA
"NC_030302.1",3193402,3211491,0.113275,0.052274,0.023266,3.193402,3.211491,3.2024465,"ChrXL",0.052274,"Collinear",NA
"NC_030302.1",3211797,3236873,0.126109,0.049049,0.023275,3.211797,3.236873,3.224335,"ChrXL",0.049049,"Collinear",NA
"NC_030302.1",3236991,3250861,0.159319,0.052379,0.025519,3.236991,3.250861,3.243926,"ChrXL",0.052379,"Collinear",NA
"NC_030302.1",3250867,3283651,0.072846,0.020805,0.010083,3.250867,3.283651,3.267259,"ChrXL",0.020805,"Collinear",NA
"NC_030302.1",3284268,3320853,-0.032717,-0.006111,-0.002772,3.284268,3.320853,3.3025605,"ChrXL",NA,"Collinear",NA
"NC_030302.1",3320918,3346351,-0.214358,-0.059876,-0.027652,3.320918,3.346351,3.3336345,"ChrXL",NA,"Collinear",NA
"NC_030302.1",3346386,3369498,-0.12572,-0.045545,-0.017948,3.346386,3.369498,3.357942,"ChrXL",NA,"Collinear",NA
"NC_030302.1",3369590,3389629,0.000912,0.000454,0.000154,3.36959,3.389629,3.3796095,"ChrXL",0.000454,"Collinear",NA
"NC_030302.1",3389806,3404508,0.227701,0.122576,0.05774,3.389806,3.404508,3.397157,"ChrXL",0.122576,"Collinear",NA
"NC_030302.1",3405894,3418899,0.128692,0.185737,0.062829,3.405894,3.418899,3.4123965,"ChrXL",0.185737,"Collinear",NA
"NC_030302.1",3418904,3464625,0.092265,0.020617,0.008942,3.418904,3.464625,3.4417645,"ChrXL",0.020617,"Collinear",NA
"NC_030302.1",3464721,3483027,-0.038753,-0.026102,-0.009252,3.464721,3.483027,3.473874,"ChrXL",NA,"Collinear",NA
"NC_030302.1",3483078,3488744,-0.051507,-0.040787,-0.022689,3.483078,3.488744,3.485911,"ChrXL",NA,"Collinear",NA
"NC_030302.1",3488750,3493456,0.039922,0.034538,0.016426,3.48875,3.493456,3.491103,"ChrXL",0.034538,"Collinear",NA
"NC_030302.1",3493457,3495058,0.041638,0.057992,0.031562,3.493457,3.495058,3.4942575,"ChrXL",0.057992,"Collinear",NA
"NC_030302.1",3495060,3507730,0.045203,0.043794,0.031604,3.49506,3.50773,3.501395,"ChrXL",0.043794,"Collinear",NA
"NC_030302.1",3507798,3516365,0.146996,0.145811,0.081646,3.507798,3.516365,3.5120815,"ChrXL",0.145811,"Collinear",NA
"NC_030302.1",3516435,3520120,0.248414,0.343173,0.229405,3.516435,3.52012,3.5182775,"ChrXL",0.343173,"Collinear",NA
"NC_030302.1",3520153,3537935,0.093929,0.040682,0.020347,3.520153,3.537935,3.529044,"ChrXL",0.040682,"Collinear",NA
"NC_030302.1",3538802,3569930,0.080688,0.021154,0.011469,3.538802,3.56993,3.554366,"ChrXL",0.021154,"Collinear",NA
"NC_030302.1",3570149,3606213,-0.160796,-0.055258,-0.024347,3.570149,3.606213,3.588181,"ChrXL",NA,"Collinear",NA
"NC_030302.1",3606277,3621275,-0.115689,-0.060751,-0.027985,3.606277,3.621275,3.613776,"ChrXL",NA,"Collinear",NA
"NC_030302.1",3621371,3637112,0.036407,0.013923,0.005937,3.621371,3.637112,3.6292415,"ChrXL",0.013923,"Collinear",NA
"NC_030302.1",3637116,3643632,-0.098761,-0.080472,-0.037809,3.637116,3.643632,3.640374,"ChrXL",NA,"Collinear",NA
"NC_030302.1",3643760,3658315,0.144131,0.072439,0.033103,3.64376,3.658315,3.6510375,"ChrXL",0.072439,"Collinear",NA
"NC_030302.1",3658566,3672763,-0.040645,-0.029031,-0.0097,3.658566,3.672763,3.6656645,"ChrXL",NA,"Collinear",NA
"NC_030302.1",3672765,3688957,0.017696,0.006818,0.003166,3.672765,3.688957,3.680861,"ChrXL",0.006818,"Collinear",NA
"NC_030302.1",3688958,3692285,0.074009,0.088228,0.037565,3.688958,3.692285,3.6906215,"ChrXL",0.088228,"Collinear",NA
"NC_030302.1",3692290,3697142,0.013395,0.014722,0.006777,3.69229,3.697142,3.694716,"ChrXL",0.014722,"Collinear",NA
"NC_030302.1",3697175,3702185,0.039105,0.039793,0.021217,3.697175,3.702185,3.69968,"ChrXL",0.039793,"Collinear",NA
"NC_030302.1",3702311,3725374,-0.068775,-0.022657,-0.010878,3.702311,3.725374,3.7138425,"ChrXL",NA,"Collinear",NA
"NC_030302.1",3725764,3744177,0.236977,0.108464,0.047953,3.725764,3.744177,3.7349705,"ChrXL",0.108464,"Collinear",NA
"NC_030302.1",3744208,3760252,-0.053636,-0.023715,-0.010136,3.744208,3.760252,3.75223,"ChrXL",NA,"Collinear",NA
"NC_030302.1",3760413,3778670,0.021811,0.008108,0.003662,3.760413,3.77867,3.7695415,"ChrXL",0.008108,"Collinear",NA
"NC_030302.1",3778712,3794257,0.067843,0.042873,0.013831,3.778712,3.794257,3.7864845,"ChrXL",0.042873,"Collinear",NA
"NC_030302.1",3794443,3814740,-0.27008,-0.127833,-0.04805,3.794443,3.81474,3.8045915,"ChrXL",NA,"Collinear",NA
"NC_030302.1",3814794,3821735,-0.189409,-0.165633,-0.062047,3.814794,3.821735,3.8182645,"ChrXL",NA,"Collinear",NA
"NC_030302.1",3821895,3836755,0.096692,0.058776,0.020108,3.821895,3.836755,3.829325,"ChrXL",0.058776,"Collinear",NA
"NC_030302.1",3836812,3848855,-0.034242,-0.018237,-0.007408,3.836812,3.848855,3.8428335,"ChrXL",NA,"Collinear",NA
"NC_030302.1",3848974,3859697,0.205124,0.120729,0.05036,3.848974,3.859697,3.8543355,"ChrXL",0.120729,"Collinear",NA
"NC_030302.1",3859701,3870004,0.19892,0.113234,0.049721,3.859701,3.870004,3.8648525,"ChrXL",0.113234,"Collinear",NA
"NC_030302.1",3870256,3882237,-0.200465,-0.149675,-0.04112,3.870256,3.882237,3.8762465,"ChrXL",NA,"Collinear",NA
"NC_030302.1",3882279,3897359,0.074851,0.030637,0.01488,3.882279,3.897359,3.889819,"ChrXL",0.030637,"Collinear",NA
"NC_030302.1",3897563,3911695,0.245811,0.14314,0.05961,3.897563,3.911695,3.904629,"ChrXL",0.14314,"Collinear",NA
"NC_030302.1",3911701,3921861,0.036967,0.026802,0.010111,3.911701,3.921861,3.916781,"ChrXL",0.026802,"Collinear",NA
"NC_030302.1",3922214,3936338,-0.192328,-0.065344,-0.03176,3.922214,3.936338,3.929276,"ChrXL",NA,"Collinear",NA
"NC_030302.1",3936551,3947089,0.27712,0.132553,0.062739,3.936551,3.947089,3.94182,"ChrXL",0.132553,"Collinear",NA
"NC_030302.1",3947158,3973091,0.060668,0.01822,0.009037,3.947158,3.973091,3.9601245,"ChrXL",0.01822,"Collinear",NA
"NC_030302.1",3973270,3986145,0.180917,0.080363,0.035116,3.97327,3.986145,3.9797075,"ChrXL",0.080363,"Collinear",NA
"NC_030302.1",3986197,4002345,-0.048914,-0.023777,-0.009978,3.986197,4.002345,3.994271,"ChrXL",NA,"Collinear",NA
"NC_030302.1",4002347,4022189,-0.010368,-0.004132,-0.001934,4.002347,4.022189,4.012268,"ChrXL",NA,"Collinear",NA
"NC_030302.1",4022209,4036151,-0.074548,-0.059997,-0.032605,4.022209,4.036151,4.02918,"ChrXL",NA,"Collinear",NA
"NC_030302.1",4036155,4044907,0.220351,0.072119,0.05593,4.036155,4.044907,4.040531,"ChrXL",0.072119,"Collinear",NA
"NC_030302.1",4044909,4060259,0.179841,0.086412,0.049858,4.044909,4.060259,4.052584,"ChrXL",0.086412,"Collinear",NA
"NC_030302.1",4060364,4076606,0.017068,0.006155,0.002911,4.060364,4.076606,4.068485,"ChrXL",0.006155,"Collinear",NA
"NC_030302.1",4076625,4096675,0.07591,0.022811,0.011401,4.076625,4.096675,4.08665,"ChrXL",0.022811,"Collinear",NA
"NC_030302.1",4096965,4110588,0.258004,0.118762,0.048661,4.096965,4.110588,4.1037765,"ChrXL",0.118762,"Collinear",NA
"NC_030302.1",4110593,4119080,0.06829,0.043686,0.015051,4.110593,4.11908,4.1148365,"ChrXL",0.043686,"Collinear",NA
"NC_030302.1",4119133,4135236,-0.260879,-0.102867,-0.041325,4.119133,4.135236,4.1271845,"ChrXL",NA,"Collinear",NA
"NC_030302.1",4135382,4150701,0.249906,0.096689,0.041401,4.135382,4.150701,4.1430415,"ChrXL",0.096689,"Collinear",NA
"NC_030302.1",4150834,4159304,0.322833,0.132394,0.064977,4.150834,4.159304,4.155069,"ChrXL",0.132394,"Collinear",NA
"NC_030302.1",4159310,4180302,0.090794,0.034369,0.014903,4.15931,4.180302,4.169806,"ChrXL",0.034369,"Collinear",NA
"NC_030302.1",4180523,4219757,0.009371,0.002403,0.001046,4.180523,4.219757,4.20014,"ChrXL",0.002403,"Collinear",NA
"NC_030302.1",4220174,4237565,0.169922,0.070942,0.030649,4.220174,4.237565,4.2288695,"ChrXL",0.070942,"Collinear",NA
"NC_030302.1",4237658,4248306,-0.070094,-0.050291,-0.016661,4.237658,4.248306,4.242982,"ChrXL",NA,"Collinear",NA
"NC_030302.1",4248416,4267035,-0.01333,-0.005518,-0.002007,4.248416,4.267035,4.2577255,"ChrXL",NA,"Collinear",NA
"NC_030302.1",4268251,4284160,0.017445,0.00795,0.003178,4.268251,4.28416,4.2762055,"ChrXL",0.00795,"Collinear",NA
"NC_030302.1",4284413,4304781,-0.055928,-0.017158,-0.008885,4.284413,4.304781,4.294597,"ChrXL",NA,"Collinear",NA
"NC_030302.1",4304845,4330958,-0.175744,-0.053579,-0.025941,4.304845,4.330958,4.3179015,"ChrXL",NA,"Collinear",NA
"NC_030302.1",4331446,4348783,0.024247,0.010083,0.004945,4.331446,4.348783,4.3401145,"ChrXL",0.010083,"Collinear",NA
"NC_030302.1",4348867,4365631,-0.113655,-0.061191,-0.022177,4.348867,4.365631,4.357249,"ChrXL",NA,"Collinear",NA
"NC_030302.1",4365720,4387444,0.033709,0.013677,0.005927,4.36572,4.387444,4.376582,"ChrXL",0.013677,"Collinear",NA
"NC_030302.1",4387447,4402405,-0.200177,-0.125397,-0.045547,4.387447,4.402405,4.394926,"ChrXL",NA,"Collinear",NA
"NC_030302.1",4402539,4436410,0.03787,0.009224,0.00484,4.402539,4.43641,4.4194745,"ChrXL",0.009224,"Collinear",NA
"NC_030302.1",4436430,4447065,-0.004219,-0.006143,-0.002565,4.43643,4.447065,4.4417475,"ChrXL",NA,"Collinear",NA
"NC_030302.1",4447073,4490440,0.187559,0.030482,0.019528,4.447073,4.49044,4.4687565,"ChrXL",0.030482,"Collinear",NA
"NC_030302.1",4490462,4525334,0.003646,0.001224,0.000558,4.490462,4.525334,4.507898,"ChrXL",0.001224,"Collinear",NA
"NC_030302.1",4525612,4542195,-0.185939,-0.072536,-0.030445,4.525612,4.542195,4.5339035,"ChrXL",NA,"Collinear",NA
"NC_030302.1",4542351,4557037,-0.035557,-0.017578,-0.006884,4.542351,4.557037,4.549694,"ChrXL",NA,"Collinear",NA
"NC_030302.1",4557058,4571289,0.242035,0.107762,0.057516,4.557058,4.571289,4.5641735,"ChrXL",0.107762,"Collinear",NA
"NC_030302.1",4571415,4582925,-0.01062,-0.010248,-0.002685,4.571415,4.582925,4.57717,"ChrXL",NA,"Collinear",NA
"NC_030302.1",4583055,4609084,-0.273407,-0.068002,-0.031264,4.583055,4.609084,4.5960695,"ChrXL",NA,"Collinear",NA
"NC_030302.1",4609124,4623866,0.041694,0.025587,0.009296,4.609124,4.623866,4.616495,"ChrXL",0.025587,"Collinear",NA
"NC_030302.1",4623925,4641936,-0.241639,-0.132258,-0.045814,4.623925,4.641936,4.6329305,"ChrXL",NA,"Collinear",NA
"NC_030302.1",4642323,4664536,-0.110407,-0.118031,-0.030077,4.642323,4.664536,4.6534295,"ChrXL",NA,"Collinear",NA
"NC_030302.1",4664566,4686105,-0.254174,-0.268096,-0.049797,4.664566,4.686105,4.6753355,"ChrXL",NA,"Collinear",NA
"NC_030302.1",4686168,4698837,0.104194,0.075163,0.022108,4.686168,4.698837,4.6925025,"ChrXL",0.075163,"Collinear",NA
"NC_030302.1",4698844,4705695,0.141559,0.124078,0.050981,4.698844,4.705695,4.7022695,"ChrXL",0.124078,"Collinear",NA
"NC_030302.1",4705698,4716812,-0.072718,-0.053999,-0.016151,4.705698,4.716812,4.711255,"ChrXL",NA,"Collinear",NA
"NC_030302.1",4716860,4727549,-0.191369,-0.156437,-0.046861,4.71686,4.727549,4.7222045,"ChrXL",NA,"Collinear",NA
"NC_030302.1",4727559,4743434,0.02205,0.00816,0.003487,4.727559,4.743434,4.7354965,"ChrXL",0.00816,"Collinear",NA
"NC_030302.1",4743501,4753752,0.011909,0.009115,0.003588,4.743501,4.753752,4.7486265,"ChrXL",0.009115,"Collinear",NA
"NC_030302.1",4753753,4760935,-0.336679,-0.40085,-0.118214,4.753753,4.760935,4.757344,"ChrXL",NA,"Collinear",NA
"NC_030302.1",4760952,4770927,0.017972,0.014473,0.005022,4.760952,4.770927,4.7659395,"ChrXL",0.014473,"Collinear",NA
"NC_030302.1",4771051,4785645,-0.042,-0.017776,-0.005647,4.771051,4.785645,4.778348,"ChrXL",NA,"Collinear",NA
"NC_030302.1",4785713,4798521,0.116388,0.106581,0.0314,4.785713,4.798521,4.792117,"ChrXL",0.106581,"Collinear",NA
"NC_030302.1",4798641,4813584,-0.210642,-0.099353,-0.038456,4.798641,4.813584,4.8061125,"ChrXL",NA,"Collinear",NA
"NC_030302.1",4813591,4823666,0.093168,0.069069,0.017374,4.813591,4.823666,4.8186285,"ChrXL",0.069069,"Collinear",NA
"NC_030302.1",4823935,4835594,0.20991,0.157202,0.072153,4.823935,4.835594,4.8297645,"ChrXL",0.157202,"Collinear",NA
"NC_030302.1",4835869,4848912,0.123971,0.095889,0.034112,4.835869,4.848912,4.8423905,"ChrXL",0.095889,"Collinear",NA
"NC_030302.1",4848948,4861992,0.1631,0.095236,0.037556,4.848948,4.861992,4.85547,"ChrXL",0.095236,"Collinear",NA
"NC_030302.1",4862027,4876758,0.250727,0.173359,0.0599,4.862027,4.876758,4.8693925,"ChrXL",0.173359,"Collinear",NA
"NC_030302.1",4876781,4887516,0.010849,0.006765,0.002741,4.876781,4.887516,4.8821485,"ChrXL",0.006765,"Collinear",NA
"NC_030302.1",4887540,4901457,0.220193,0.170653,0.079222,4.88754,4.901457,4.8944985,"ChrXL",0.170653,"Collinear",NA
"NC_030302.1",4901459,4915422,0.021848,0.014856,0.005682,4.901459,4.915422,4.9084405,"ChrXL",0.014856,"Collinear",NA
"NC_030302.1",4915445,4923410,-0.13508,-0.12811,-0.046494,4.915445,4.92341,4.9194275,"ChrXL",NA,"Collinear",NA
"NC_030302.1",4923417,4941976,0.083138,0.04231,0.016833,4.923417,4.941976,4.9326965,"ChrXL",0.04231,"Collinear",NA
"NC_030302.1",4941977,4955854,-0.123802,-0.077335,-0.030013,4.941977,4.955854,4.9489155,"ChrXL",NA,"Collinear",NA
"NC_030302.1",4955865,4976505,-0.005801,-0.002,-0.001044,4.955865,4.976505,4.966185,"ChrXL",NA,"Collinear",NA
"NC_030302.1",4976652,4990939,-0.120059,-0.03611,-0.018396,4.976652,4.990939,4.9837955,"ChrXL",NA,"Collinear",NA
"NC_030302.1",4991061,5002470,-0.025024,-0.01263,-0.004298,4.991061,5.00247,4.9967655,"ChrXL",NA,"Collinear",NA
"NC_030302.1",5002764,5020681,-0.06788,-0.034864,-0.014823,5.002764,5.020681,5.0117225,"ChrXL",NA,"Collinear","CollinearFR"
"NC_030302.1",5020768,5038000,-0.220435,-0.239299,-0.047375,5.020768,5.038,5.029384,"ChrXL",NA,"Collinear","CollinearFR"
"NC_030302.1",5038169,5084151,0.191261,0.095482,0.039014,5.038169,5.084151,5.06116,"ChrXL",0.095482,"Collinear","CollinearFR"
"NC_030302.1",5084614,5107049,-0.004249,-0.00212,-0.000858,5.084614,5.107049,5.0958315,"ChrXL",NA,"Collinear","CollinearFR"
"NC_030302.1",5107139,5126094,0.023515,0.009802,0.004455,5.107139,5.126094,5.1166165,"ChrXL",0.009802,"Collinear","CollinearFR"
"NC_030302.1",5126116,5138191,0.106782,0.052181,0.023239,5.126116,5.138191,5.1321535,"ChrXL",0.052181,"Collinear","CollinearFR"
"NC_030302.1",5138238,5159190,0.239548,0.088145,0.045389,5.138238,5.15919,5.148714,"ChrXL",0.088145,"Collinear","CollinearFR"
"NC_030302.1",5160391,5181245,0.060294,0.01991,0.00827,5.160391,5.181245,5.170818,"ChrXL",0.01991,"Collinear","CollinearFR"
"NC_030302.1",5181256,5197639,-0.178684,-0.056021,-0.022958,5.181256,5.197639,5.1894475,"ChrXL",NA,"Collinear","CollinearFR"
"NC_030302.1",5197668,5218730,0.202916,0.082647,0.034091,5.197668,5.21873,5.208199,"ChrXL",0.082647,"Collinear","CollinearFR"
"NC_030302.1",5219119,5244024,0.179804,0.054558,0.024605,5.219119,5.244024,5.2315715,"ChrXL",0.054558,"Collinear","CollinearFR"
"NC_030302.1",5244043,5268466,0.182203,0.05635,0.024651,5.244043,5.268466,5.2562545,"ChrXL",0.05635,"Collinear","CollinearFR"
"NC_030302.1",5268659,5289896,-0.214686,-0.10378,-0.03463,5.268659,5.289896,5.2792775,"ChrXL",NA,"Collinear","CollinearFR"
"NC_030302.1",5289966,5312362,0.119217,0.03234,0.015335,5.289966,5.312362,5.301164,"ChrXL",0.03234,"Collinear","CollinearFR"
"NC_030302.1",5312841,5340239,0.164305,0.046382,0.022585,5.312841,5.340239,5.32654,"ChrXL",0.046382,"Collinear","CollinearFR"
"NC_030302.1",5340465,5368601,-0.021338,-0.005152,-0.00263,5.340465,5.368601,5.354533,"ChrXL",NA,"Collinear","CollinearFR"
"NC_030302.1",5368922,5384150,0.009852,0.003038,0.001298,5.368922,5.38415,5.376536,"ChrXL",0.003038,"Collinear","CollinearFR"
"NC_030302.1",5384219,5416676,-0.186848,-0.052946,-0.023822,5.384219,5.416676,5.4004475,"ChrXL",NA,"Collinear","CollinearFR"
"NC_030302.1",5416735,5439344,-0.014129,-0.005065,-0.002317,5.416735,5.439344,5.4280395,"ChrXL",NA,"Collinear","CollinearFR"
"NC_030302.1",5439397,5467120,0.116914,0.038916,0.018594,5.439397,5.46712,5.4532585,"ChrXL",0.038916,"Collinear","CollinearFR"
"NC_030302.1",5467558,5489978,0.151079,0.042872,0.020118,5.467558,5.489978,5.478768,"ChrXL",0.042872,"Collinear","CollinearFR"
"NC_030302.1",5490252,5508758,-0.21441,-0.080417,-0.032792,5.490252,5.508758,5.499505,"ChrXL",NA,"Collinear","CollinearFR"
"NC_030302.1",5509034,5532826,-0.221247,-0.066674,-0.02999,5.509034,5.532826,5.52093,"ChrXL",NA,"Collinear","CollinearFR"
"NC_030302.1",5532859,5565460,0.043116,0.013753,0.006555,5.532859,5.56546,5.5491595,"ChrXL",0.013753,"Collinear","CollinearFR"
"NC_030302.1",5565665,5592495,0.038864,0.009114,0.004323,5.565665,5.592495,5.57908,"ChrXL",0.009114,"Collinear","CollinearFR"
"NC_030302.1",5592674,5618612,0.37964,0.108026,0.050296,5.592674,5.618612,5.605643,"ChrXL",0.108026,"Collinear","CollinearFR"
"NC_030302.1",5618674,5642928,0.131084,0.04309,0.019625,5.618674,5.642928,5.630801,"ChrXL",0.04309,"Collinear","CollinearFR"
"NC_030302.1",5643171,5661962,-0.067618,-0.021787,-0.010118,5.643171,5.661962,5.6525665,"ChrXL",NA,"Collinear","CollinearFR"
"NC_030302.1",5662449,5696108,0.198819,0.054984,0.02873,5.662449,5.696108,5.6792785,"ChrXL",0.054984,"Collinear","CollinearFR"
"NC_030302.1",5696201,5715680,-0.044305,-0.01951,-0.007712,5.696201,5.71568,5.7059405,"ChrXL",NA,"Collinear","CollinearFR"
"NC_030302.1",5715683,5737347,0.199418,0.075438,0.033554,5.715683,5.737347,5.726515,"ChrXL",0.075438,"Collinear","CollinearFR"
"NC_030302.1",5737348,5754607,-0.051457,-0.019178,-0.009831,5.737348,5.754607,5.7459775,"ChrXL",NA,"Collinear","CollinearFR"
"NC_030302.1",5754697,5772296,0.045102,0.021947,0.010555,5.754697,5.772296,5.7634965,"ChrXL",0.021947,"Collinear","CollinearFR"
"NC_030302.1",5772308,5794659,-0.028648,-0.009818,-0.004326,5.772308,5.794659,5.7834835,"ChrXL",NA,"Collinear","CollinearFR"
"NC_030302.1",5794678,5802829,0.019056,0.009633,0.005035,5.794678,5.802829,5.7987535,"ChrXL",0.009633,"Collinear","CollinearFR"
"NC_030302.1",5802836,5823417,0.271693,0.097472,0.047803,5.802836,5.823417,5.8131265,"ChrXL",0.097472,"Collinear","CollinearFR"
"NC_030302.1",5823521,5849019,-0.033877,-0.012896,-0.004934,5.823521,5.849019,5.83627,"ChrXL",NA,"Collinear","CollinearFR"
"NC_030302.1",5849342,5876686,0.220223,0.046853,0.028131,5.849342,5.876686,5.863014,"ChrXL",0.046853,"Collinear","CollinearFR"
"NC_030302.1",5876708,5900702,0.140898,0.047377,0.023264,5.876708,5.900702,5.888705,"ChrXL",0.047377,"Collinear","CollinearFR"
"NC_030302.1",5900738,5924983,0.222024,0.065283,0.031487,5.900738,5.924983,5.9128605,"ChrXL",0.065283,"Collinear","CollinearFR"
"NC_030302.1",5925350,5943544,0.011102,0.004789,0.002,5.92535,5.943544,5.934447,"ChrXL",0.004789,"Collinear","CollinearFR"
"NC_030302.1",5943549,5970923,0.069582,0.025724,0.010421,5.943549,5.970923,5.957236,"ChrXL",0.025724,"Collinear","CollinearFR"
"NC_030302.1",5971036,5987921,0.019716,0.00742,0.004024,5.971036,5.987921,5.9794785,"ChrXL",0.00742,"Collinear","CollinearFR"
"NC_030302.1",5988202,6005154,-0.105299,-0.046237,-0.02159,5.988202,6.005154,5.996678,"ChrXL",NA,"Collinear","CollinearFR"
"NC_030302.1",6005201,6026558,0.187135,0.066646,0.033458,6.005201,6.026558,6.0158795,"ChrXL",0.066646,"Collinear","CollinearFR"
"NC_030302.1",6026560,6042555,0.232576,0.077886,0.039572,6.02656,6.042555,6.0345575,"ChrXL",0.077886,"Collinear","CollinearFR"
"NC_030302.1",6042968,6057390,0.042011,0.012314,0.006969,6.042968,6.05739,6.050179,"ChrXL",0.012314,"Collinear","CollinearFR"
"NC_030302.1",6057505,6079702,0.192982,0.045952,0.027838,6.057505,6.079702,6.0686035,"ChrXL",0.045952,"Collinear","CollinearFR"
"NC_030302.1",6079820,6101604,0.091176,0.038388,0.018809,6.07982,6.101604,6.090712,"ChrXL",0.038388,"Collinear","CollinearFR"
"NC_030302.1",6101643,6121734,0.223585,0.088661,0.041732,6.101643,6.121734,6.1116885,"ChrXL",0.088661,"Collinear","CollinearFR"
"NC_030302.1",6121774,6146807,0.077634,0.0341,0.012585,6.121774,6.146807,6.1342905,"ChrXL",0.0341,"Collinear","CollinearFR"
"NC_030302.1",6147015,6172446,0.066616,0.024831,0.012788,6.147015,6.172446,6.1597305,"ChrXL",0.024831,"Collinear","CollinearFR"
"NC_030302.1",6173033,6267448,0.086673,0.024188,0.012913,6.173033,6.267448,6.2202405,"ChrXL",0.024188,"Collinear","CollinearFR"
"NC_030302.1",6267692,6295416,0.114819,0.026583,0.013432,6.267692,6.295416,6.281554,"ChrXL",0.026583,"Collinear","CollinearFR"
"NC_030302.1",6296444,6324569,0.090714,0.01944,0.009589,6.296444,6.324569,6.3105065,"ChrXL",0.01944,"Collinear","CollinearFR"
"NC_030302.1",6325192,6357522,-0.221799,-0.037777,-0.021371,6.325192,6.357522,6.341357,"ChrXL",NA,"Collinear","CollinearFR"
"NC_030302.1",6358225,6386182,-0.025364,-0.005495,-0.003056,6.358225,6.386182,6.3722035,"ChrXL",NA,"Collinear","CollinearFR"
"NC_030302.1",6386458,6409552,0.179486,0.055299,0.028495,6.386458,6.409552,6.398005,"ChrXL",0.055299,"Collinear","CollinearFR"
"NC_030302.1",6409599,6444793,-0.003759,-0.001046,-0.00055,6.409599,6.444793,6.427196,"ChrXL",NA,"Collinear","CollinearFR"
"NC_030302.1",6445301,6479175,-0.006617,-0.001146,-0.000594,6.445301,6.479175,6.462238,"ChrXL",NA,"Collinear","CollinearFR"
"NC_030302.1",6479220,6527252,-0.212776,-0.05134,-0.022357,6.47922,6.527252,6.503236,"ChrXL",NA,"Collinear","CollinearFR"
"NC_030302.1",6527277,6596200,0.033959,0.00598,0.003405,6.527277,6.5962,6.5617385,"ChrXL",0.00598,"Collinear","CollinearFR"
"NC_030302.1",6597048,6645419,0.154727,0.026112,0.015927,6.597048,6.645419,6.6212335,"ChrXL",0.026112,"Collinear","CollinearFR"
"NC_030302.1",6646412,6687869,0.078616,0.011824,0.007439,6.646412,6.687869,6.6671405,"ChrXL",0.011824,"Collinear","CollinearFR"
"NC_030302.1",6687912,6716417,0.268109,0.076095,0.042316,6.687912,6.716417,6.7021645,"ChrXL",0.076095,"Collinear","CollinearFR"
"NC_030302.1",6716693,6737233,0.06639,0.025333,0.010136,6.716693,6.737233,6.726963,"ChrXL",0.025333,"Collinear","CollinearFR"
"NC_030302.1",6737243,6757967,-0.158607,-0.054153,-0.026046,6.737243,6.757967,6.747605,"ChrXL",NA,"Collinear","CollinearFR"
"NC_030302.1",6757996,6779501,0.059968,0.024138,0.009424,6.757996,6.779501,6.7687485,"ChrXL",0.024138,"Collinear","CollinearFR"
"NC_030302.1",6779509,6798465,-0.099544,-0.034199,-0.015806,6.779509,6.798465,6.788987,"ChrXL",NA,"Collinear","CollinearFR"
"NC_030302.1",6798768,6818205,0.002516,0.000869,0.000409,6.798768,6.818205,6.8084865,"ChrXL",0.000869,"Collinear","CollinearFR"
"NC_030302.1",6818210,6849626,0.154272,0.034423,0.019576,6.81821,6.849626,6.833918,"ChrXL",0.034423,"Collinear","CollinearFR"
"NC_030302.1",6849658,6861803,-0.161628,-0.067403,-0.031408,6.849658,6.861803,6.8557305,"ChrXL",NA,"Collinear","CollinearFR"
"NC_030302.1",6862344,6881869,0.065762,0.02595,0.010527,6.862344,6.881869,6.8721065,"ChrXL",0.02595,"Collinear","CollinearFR"
"NC_030302.1",6882030,6901686,0.050753,0.021053,0.011007,6.88203,6.901686,6.891858,"ChrXL",0.021053,"Collinear","CollinearFR"
"NC_030302.1",6902230,6929811,-0.07359,-0.016783,-0.008671,6.90223,6.929811,6.9160205,"ChrXL",NA,"Collinear","CollinearFR"
"NC_030302.1",6930500,6956723,-0.189212,-0.062399,-0.028594,6.9305,6.956723,6.9436115,"ChrXL",NA,"Collinear","CollinearFR"
"NC_030302.1",6956732,6981309,0.151627,0.040596,0.01983,6.956732,6.981309,6.9690205,"ChrXL",0.040596,"Collinear","CollinearFR"
"NC_030302.1",6982214,7004390,0.29307,0.080243,0.036545,6.982214,7.00439,6.993302,"ChrXL",0.080243,"Collinear","CollinearFR"
"NC_030302.1",7004842,7027883,-0.102486,-0.037254,-0.017512,7.004842,7.027883,7.0163625,"ChrXL",NA,"Collinear","CollinearFR"
"NC_030302.1",7027989,7069969,0.252174,0.052201,0.028266,7.027989,7.069969,7.048979,"ChrXL",0.052201,"Collinear","CollinearFR"
"NC_030302.1",7070152,7094487,0.357341,0.071511,0.04,7.070152,7.094487,7.0823195,"ChrXL",0.071511,"Collinear","CollinearFR"
"NC_030302.1",7094489,7118951,-0.217676,-0.154769,-0.071668,7.094489,7.118951,7.10672,"ChrXL",NA,"Collinear","CollinearFR"
"NC_030302.1",7121952,7140956,-0.004143,-0.000667,-0.000374,7.121952,7.140956,7.131454,"ChrXL",NA,"Collinear","CollinearFR"
"NC_030302.1",7141036,7176052,0.028212,0.003737,0.00261,7.141036,7.176052,7.158544,"ChrXL",0.003737,"Collinear","CollinearFR"
"NC_030302.1",7176080,7221065,0.162282,0.01901,0.011897,7.17608,7.221065,7.1985725,"ChrXL",0.01901,"Collinear","CollinearFR"
"NC_030302.1",7221097,7242459,0.236667,0.088421,0.040042,7.221097,7.242459,7.231778,"ChrXL",0.088421,"Collinear","CollinearFR"
"NC_030302.1",7242626,7257441,-0.100434,-0.033832,-0.018558,7.242626,7.257441,7.2500335,"ChrXL",NA,"Collinear","CollinearFR"
"NC_030302.1",7257537,7292090,0.003578,0.00073,0.000428,7.257537,7.29209,7.2748135,"ChrXL",0.00073,"Collinear","CollinearFR"
"NC_030302.1",7292389,7339349,-0.0121,-0.002339,-0.001289,7.292389,7.339349,7.315869,"ChrXL",NA,"Collinear","CollinearFR"
"NC_030302.1",7339384,7359984,-0.039367,-0.009922,-0.005771,7.339384,7.359984,7.349684,"ChrXL",NA,"Collinear","CollinearFR"
"NC_030302.1",7359993,7380677,-0.1477,-0.047919,-0.024288,7.359993,7.380677,7.370335,"ChrXL",NA,"Collinear","CollinearFR"
"NC_030302.1",7380883,7423616,0.066046,0.011957,0.006486,7.380883,7.423616,7.4022495,"ChrXL",0.011957,"Collinear","CollinearFR"
"NC_030302.1",7423913,7450265,0.130253,0.025856,0.016528,7.423913,7.450265,7.437089,"ChrXL",0.025856,"Collinear","CollinearFR"
"NC_030302.1",7450273,7475035,0.174514,0.024734,0.015333,7.450273,7.475035,7.462654,"ChrXL",0.024734,"Collinear","CollinearFR"
"NC_030302.1",7475475,7503611,0.102348,0.016956,0.008901,7.475475,7.503611,7.489543,"ChrXL",0.016956,"Collinear","CollinearFR"
"NC_030302.1",7503955,7526759,0.067291,0.01562,0.008164,7.503955,7.526759,7.515357,"ChrXL",0.01562,"Collinear","CollinearFR"
"NC_030302.1",7526886,7551214,0.074573,0.020304,0.009998,7.526886,7.551214,7.53905,"ChrXL",0.020304,"Collinear","CollinearFR"
"NC_030302.1",7551258,7582787,0.003555,0.000654,0.000353,7.551258,7.582787,7.5670225,"ChrXL",0.000654,"Collinear","CollinearFR"
"NC_030302.1",7583004,7617718,0.271513,0.054854,0.029388,7.583004,7.617718,7.600361,"ChrXL",0.054854,"Collinear","CollinearFR"
"NC_030302.1",7618099,7644206,0.099266,0.025577,0.013278,7.618099,7.644206,7.6311525,"ChrXL",0.025577,"Collinear","CollinearFR"
"NC_030302.1",7644209,7673790,-0.106957,-0.023612,-0.010425,7.644209,7.67379,7.6589995,"ChrXL",NA,"Collinear","CollinearFR"
"NC_030302.1",7674635,7700278,0.19872,0.040899,0.020158,7.674635,7.700278,7.6874565,"ChrXL",0.040899,"Collinear","CollinearFR"
"NC_030302.1",7700963,7725913,-0.023458,-0.005687,-0.002693,7.700963,7.725913,7.713438,"ChrXL",NA,"Collinear","CollinearFR"
"NC_030302.1",7726013,7752809,-0.038445,-0.012411,-0.0055,7.726013,7.752809,7.739411,"ChrXL",NA,"Collinear","CollinearFR"
"NC_030302.1",7752835,7777353,0.182913,0.056337,0.024,7.752835,7.777353,7.765094,"ChrXL",0.056337,"Collinear","CollinearFR"
"NC_030302.1",7777425,7802590,-0.128419,-0.042157,-0.016145,7.777425,7.80259,7.7900075,"ChrXL",NA,"Collinear","CollinearFR"
"NC_030302.1",7802642,7832208,-0.22768,-0.069626,-0.029117,7.802642,7.832208,7.817425,"ChrXL",NA,"Collinear","CollinearFR"
"NC_030302.1",7832470,7856981,0.117192,0.028639,0.014484,7.83247,7.856981,7.8447255,"ChrXL",0.028639,"Collinear","CollinearFR"
"NC_030302.1",7856989,7950667,0.216619,0.013133,0.008628,7.856989,7.950667,7.903828,"ChrXL",0.013133,"Collinear","CollinearFR"
"NC_030302.1",7950670,7974463,0.028206,0.007643,0.003757,7.95067,7.974463,7.9625665,"ChrXL",0.007643,"Collinear","CollinearFR"
"NC_030302.1",7975304,8007185,-0.062198,-0.010528,-0.005818,7.975304,8.007185,7.9912445,"ChrXL",NA,"Collinear","CollinearFR"
"NC_030302.1",8007469,8031599,-0.075033,-0.017829,-0.007854,8.007469,8.031599,8.019534,"ChrXL",NA,"Collinear","CollinearFR"
"NC_030302.1",8031729,8057794,0.042565,0.010906,0.004861,8.031729,8.057794,8.0447615,"ChrXL",0.010906,"Collinear","CollinearFR"
"NC_030302.1",8057803,8071329,0.18189,0.070861,0.039666,8.057803,8.071329,8.064566,"ChrXL",0.070861,"Collinear","CollinearFR"
"NC_030302.1",8071362,8092455,-0.078837,-0.022348,-0.00994,8.071362,8.092455,8.0819085,"ChrXL",NA,"Collinear","CollinearFR"
"NC_030302.1",8092473,8118736,0.289164,0.058247,0.027677,8.092473,8.118736,8.1056045,"ChrXL",0.058247,"Collinear","CollinearFR"
"NC_030302.1",8119078,8147434,0.196098,0.03862,0.019891,8.119078,8.147434,8.133256,"ChrXL",0.03862,"Collinear",NA
"NC_030302.1",8147944,8173080,-0.030934,-0.006141,-0.003595,8.147944,8.17308,8.160512,"ChrXL",NA,"Collinear",NA
"NC_030302.1",8173427,8194541,0.139781,0.030544,0.016384,8.173427,8.194541,8.183984,"ChrXL",0.030544,"Collinear",NA
"NC_030302.1",8194641,8224452,-0.209319,-0.045339,-0.019523,8.194641,8.224452,8.2095465,"ChrXL",NA,"Collinear",NA
"NC_030302.1",8224731,8251427,0.095164,0.029472,0.015367,8.224731,8.251427,8.238079,"ChrXL",0.029472,"Collinear",NA
"NC_030302.1",8251729,8275217,0.123986,0.038471,0.019182,8.251729,8.275217,8.263473,"ChrXL",0.038471,"Collinear",NA
"NC_030302.1",8275456,8302502,-0.007299,-0.001749,-0.000927,8.275456,8.302502,8.288979,"ChrXL",NA,"Collinear",NA
"NC_030302.1",8303243,8332219,-0.002839,-0.000529,-0.000275,8.303243,8.332219,8.317731,"ChrXL",NA,"Collinear",NA
"NC_030302.1",8332227,8369816,0.324069,0.058286,0.031776,8.332227,8.369816,8.3510215,"ChrXL",0.058286,"Collinear",NA
"NC_030302.1",8369836,8402263,-0.125447,-0.025992,-0.014068,8.369836,8.402263,8.3860495,"ChrXL",NA,"Collinear",NA
"NC_030302.1",8402456,8428111,-0.150396,-0.042756,-0.019623,8.402456,8.428111,8.4152835,"ChrXL",NA,"Collinear",NA
"NC_030302.1",8428166,8475501,-0.045497,-0.007341,-0.004656,8.428166,8.475501,8.4518335,"ChrXL",NA,"Collinear",NA
"NC_030302.1",8475502,8551428,0.299157,0.037404,0.024408,8.475502,8.551428,8.513465,"ChrXL",0.037404,"Collinear",NA
"NC_030302.1",8551536,8608295,0.102596,0.015139,0.008024,8.551536,8.608295,8.5799155,"ChrXL",0.015139,"Collinear",NA
"NC_030302.1",8608316,8644389,0.066062,0.030905,0.017801,8.608316,8.644389,8.6263525,"ChrXL",0.030905,"Collinear",NA
"NC_030302.1",8644450,8690597,0.161854,0.027522,0.015918,8.64445,8.690597,8.6675235,"ChrXL",0.027522,"Collinear",NA
"NC_030302.1",8690679,8724455,0.340781,0.057159,0.033034,8.690679,8.724455,8.707567,"ChrXL",0.057159,"Collinear",NA
"NC_030302.1",8726132,8781386,-0.048677,-0.004022,-0.00253,8.726132,8.781386,8.753759,"ChrXL",NA,"Collinear",NA
"NC_030302.1",8781426,8816842,-0.15943,-0.019862,-0.011802,8.781426,8.816842,8.799134,"ChrXL",NA,"Collinear",NA
"NC_030302.1",8817222,8844909,0.02766,0.003802,0.002075,8.817222,8.844909,8.8310655,"ChrXL",0.003802,"Collinear",NA
"NC_030302.1",8845158,8870916,-0.198844,-0.027182,-0.016538,8.845158,8.870916,8.858037,"ChrXL",NA,"Collinear",NA
"NC_030302.1",8871080,8920002,0.111904,0.008425,0.005327,8.87108,8.920002,8.895541,"ChrXL",0.008425,"Collinear",NA
"NC_030302.1",8920301,8965948,0.133975,0.013639,0.008773,8.920301,8.965948,8.9431245,"ChrXL",0.013639,"Collinear",NA
"NC_030302.1",8966079,8994684,-0.00798,-0.001637,-0.000865,8.966079,8.994684,8.9803815,"ChrXL",NA,"Collinear",NA
"NC_030302.1",8996040,9040604,-0.101819,-0.013567,-0.006748,8.99604,9.040604,9.018322,"ChrXL",NA,"Collinear",NA
"NC_030302.1",9040712,9077570,0.326148,0.062208,0.032089,9.040712,9.07757,9.059141,"ChrXL",0.062208,"Collinear",NA
"NC_030302.1",9078429,9097717,-0.016208,-0.003087,-0.00162,9.078429,9.097717,9.088073,"ChrXL",NA,"Collinear",NA
"NC_030302.1",9097782,9127923,0.217199,0.024688,0.015387,9.097782,9.127923,9.1128525,"ChrXL",0.024688,"Collinear",NA
"NC_030302.1",9128061,9157036,0.224968,0.040773,0.025982,9.128061,9.157036,9.1425485,"ChrXL",0.040773,"Collinear",NA
"NC_030302.1",9157307,9193968,0.048173,0.006495,0.003866,9.157307,9.193968,9.1756375,"ChrXL",0.006495,"Collinear",NA
"NC_030302.1",9194128,9245797,0.071022,0.00641,0.004085,9.194128,9.245797,9.2199625,"ChrXL",0.00641,"Collinear",NA
"NC_030302.1",9246221,9273676,0.011332,0.001126,0.000741,9.246221,9.273676,9.2599485,"ChrXL",0.001126,"Collinear",NA
"NC_030302.1",9273701,9279474,0.191176,0.099027,0.063953,9.273701,9.279474,9.2765875,"ChrXL",0.099027,"Collinear",NA
"NC_030302.1",9279524,9329865,0.427628,0.079472,0.051353,9.279524,9.329865,9.3046945,"ChrXL",0.079472,"Collinear",NA
"NC_030302.1",9329942,9360234,0.118873,0.021973,0.01264,9.329942,9.360234,9.345088,"ChrXL",0.021973,"Collinear",NA
"NC_030302.1",9360327,9394594,0.112489,0.019453,0.01117,9.360327,9.394594,9.3774605,"ChrXL",0.019453,"Collinear",NA
"NC_030302.1",9395090,9431038,0.002522,0.000351,0.000223,9.39509,9.431038,9.413064,"ChrXL",0.000351,"Collinear",NA
"NC_030302.1",9432147,9479756,-0.142482,-0.008702,-0.006595,9.432147,9.479756,9.4559515,"ChrXL",NA,"Collinear",NA
"NC_030302.1",9479943,9520206,-0.070481,-0.005894,-0.003863,9.479943,9.520206,9.5000745,"ChrXL",NA,"Collinear",NA
"NC_030302.1",9520521,9542061,-0.025771,-0.00426,-0.002729,9.520521,9.542061,9.531291,"ChrXL",NA,"Collinear",NA
"NC_030302.1",9542104,9599079,0.067763,0.00426,0.003004,9.542104,9.599079,9.5705915,"ChrXL",0.00426,"Collinear",NA
"NC_030302.1",9599095,9642707,-0.408321,-0.042378,-0.025164,9.599095,9.642707,9.620901,"ChrXL",NA,"Collinear",NA
"NC_030302.1",9642978,9684557,-0.058675,-0.005521,-0.003676,9.642978,9.684557,9.6637675,"ChrXL",NA,"Collinear",NA
"NC_030302.1",9684706,9725035,0.208574,0.017656,0.011986,9.684706,9.725035,9.7048705,"ChrXL",0.017656,"Collinear",NA
"NC_030302.1",9725041,9767656,0.089222,0.009953,0.006171,9.725041,9.767656,9.7463485,"ChrXL",0.009953,"Collinear",NA
"NC_030302.1",9767751,9806888,-0.154528,-0.013636,-0.00834,9.767751,9.806888,9.7873195,"ChrXL",NA,"Collinear",NA
"NC_030302.1",9806909,9820635,-0.212692,-0.055104,-0.033665,9.806909,9.820635,9.813772,"ChrXL",NA,"Collinear",NA
"NC_030302.1",9821084,9859608,0.026313,0.00335,0.001953,9.821084,9.859608,9.840346,"ChrXL",0.00335,"Collinear",NA
"NC_030302.1",9859856,9896921,0.039859,0.00424,0.002552,9.859856,9.896921,9.8783885,"ChrXL",0.00424,"Collinear",NA
"NC_030302.1",9897067,9922001,-0.111717,-0.0112,-0.007583,9.897067,9.922001,9.909534,"ChrXL",NA,"Collinear",NA
"NC_030302.1",9922565,9957629,0.117214,0.014867,0.009179,9.922565,9.957629,9.940097,"ChrXL",0.014867,"Collinear",NA
"NC_030302.1",9957647,9984132,0.213473,0.034705,0.021177,9.957647,9.984132,9.9708895,"ChrXL",0.034705,"Collinear",NA
"NC_030302.1",9984655,10017218,0.24362,0.031994,0.02016,9.984655,10.017218,10.0009365,"ChrXL",0.031994,"Collinear",NA
"NC_030302.1",10017910,10054730,-0.249786,-0.030374,-0.015615,10.01791,10.05473,10.03632,"ChrXL",NA,"Collinear",NA
"NC_030302.1",10054815,10116697,0.154501,0.012831,0.008588,10.054815,10.116697,10.085756,"ChrXL",0.012831,"Collinear",NA
"NC_030302.1",10120382,10166190,0.142038,0.016248,0.009736,10.120382,10.16619,10.143286,"ChrXL",0.016248,"Collinear",NA
"NC_030302.1",10166313,10245053,-0.173852,-0.007837,-0.005179,10.166313,10.245053,10.205683,"ChrXL",NA,"Collinear",NA
"NC_030302.1",10245359,10281423,-0.125375,-0.01325,-0.00798,10.245359,10.281423,10.263391,"ChrXL",NA,"Collinear",NA
"NC_030302.1",10281590,10315959,-0.156613,-0.024109,-0.013529,10.28159,10.315959,10.2987745,"ChrXL",NA,"Collinear",NA
"NC_030302.1",10316445,10356174,-0.045412,-0.004339,-0.002768,10.316445,10.356174,10.3363095,"ChrXL",NA,"Collinear",NA
"NC_030302.1",10356478,10399282,0.043605,0.004493,0.002819,10.356478,10.399282,10.37788,"ChrXL",0.004493,"Collinear",NA
"NC_030302.1",10399444,10446737,0.083003,0.006324,0.003742,10.399444,10.446737,10.4230905,"ChrXL",0.006324,"Collinear",NA
"NC_030302.1",10449417,10481767,-0.203143,-0.019878,-0.012136,10.449417,10.481767,10.465592,"ChrXL",NA,"Collinear",NA
"NC_030302.1",10481905,10529204,0.008009,0.000753,0.000453,10.481905,10.529204,10.5055545,"ChrXL",0.000753,"Collinear",NA
"NC_030302.1",10529861,10578244,0.149598,0.015295,0.009058,10.529861,10.578244,10.5540525,"ChrXL",0.015295,"Collinear",NA
"NC_030302.1",10578361,10621934,-0.103179,-0.005502,-0.003777,10.578361,10.621934,10.6001475,"ChrXL",NA,"Collinear",NA
"NC_030302.1",10622246,10668345,-0.289816,-0.017363,-0.01107,10.622246,10.668345,10.6452955,"ChrXL",NA,"Inverted","Inverted"
"NC_030302.1",10668348,10713226,-0.255165,-0.018267,-0.012855,10.668348,10.713226,10.690787,"ChrXL",NA,"Inverted","Inverted"
"NC_030302.1",10713330,10776491,0.205864,0.009698,0.006749,10.71333,10.776491,10.7449105,"ChrXL",0.009698,"Inverted","Inverted"
"NC_030302.1",10776928,10848655,0.226386,0.008715,0.006558,10.776928,10.848655,10.8127915,"ChrXL",0.008715,"Inverted","Inverted"
"NC_030302.1",10849487,10929557,-0.063356,-0.004007,-0.002664,10.849487,10.929557,10.889522,"ChrXL",NA,"Inverted","Inverted"
"NC_030302.1",10930048,10985257,0.210912,0.010855,0.007472,10.930048,10.985257,10.9576525,"ChrXL",0.010855,"Inverted","Inverted"
"NC_030302.1",10985533,11058288,-0.005802,-0.000291,-0.000201,10.985533,11.058288,11.0219105,"ChrXL",NA,"Inverted","Inverted"
"NC_030302.1",11058504,11092673,0.198479,0.015347,0.009927,11.058504,11.092673,11.0755885,"ChrXL",0.015347,"Inverted","Inverted"
"NC_030302.1",11092899,11132668,0.028817,0.002809,0.001914,11.092899,11.132668,11.1127835,"ChrXL",0.002809,"Inverted","Inverted"
"NC_030302.1",11132716,11180065,-0.048755,-0.004205,-0.00265,11.132716,11.180065,11.1563905,"ChrXL",NA,"Inverted","Inverted"
"NC_030302.1",11180073,11220099,-0.173552,-0.017365,-0.011737,11.180073,11.220099,11.200086,"ChrXL",NA,"Inverted","Inverted"
"NC_030302.1",11222870,11237953,-0.009028,-0.002385,-0.00146,11.22287,11.237953,11.2304115,"ChrXL",NA,"Inverted","Inverted"
"NC_030302.1",11237958,11279844,0.072291,0.008073,0.005777,11.237958,11.279844,11.258901,"ChrXL",0.008073,"Inverted","Inverted"
"NC_030302.1",11280517,11315642,0.263545,0.034237,0.023639,11.280517,11.315642,11.2980795,"ChrXL",0.034237,"Inverted","Inverted"
"NC_030302.1",11315664,11330080,0.141968,0.034337,0.02744,11.315664,11.33008,11.322872,"ChrXL",0.034337,"Inverted","Inverted"
"NC_030302.1",11330263,11405950,0.178244,0.010227,0.007294,11.330263,11.40595,11.3681065,"ChrXL",0.010227,"Inverted","Inverted"
"NC_030302.1",11405954,11445691,-0.052525,-0.004185,-0.002788,11.405954,11.445691,11.4258225,"ChrXL",NA,"Inverted","Inverted"
"NC_030302.1",11446527,11500632,0.148232,0.0089,0.006124,11.446527,11.500632,11.4735795,"ChrXL",0.0089,"Inverted","Inverted"
"NC_030302.1",11502089,11553928,0.292996,0.014315,0.010362,11.502089,11.553928,11.5280085,"ChrXL",0.014315,"Inverted","Inverted"
"NC_030302.1",11553931,11612350,-0.111991,-0.006712,-0.004688,11.553931,11.61235,11.5831405,"ChrXL",NA,"Inverted","Inverted"
"NC_030302.1",11613195,11656352,0.216866,0.015057,0.011287,11.613195,11.656352,11.6347735,"ChrXL",0.015057,"Inverted","Inverted"
"NC_030302.1",11657396,11710667,0.131197,0.00726,0.004997,11.657396,11.710667,11.6840315,"ChrXL",0.00726,"Inverted","Inverted"
"NC_030302.1",11711387,11750525,0.060303,0.004859,0.003434,11.711387,11.750525,11.730956,"ChrXL",0.004859,"Inverted","Inverted"
"NC_030302.1",11750905,11788977,-0.030829,-0.003095,-0.002066,11.750905,11.788977,11.769941,"ChrXL",NA,"Inverted","Inverted"
"NC_030302.1",11789636,11834413,0.30796,0.017716,0.012632,11.789636,11.834413,11.8120245,"ChrXL",0.017716,"Inverted","Inverted"
"NC_030302.1",11836252,11889273,-0.01959,-0.00101,-0.00077,11.836252,11.889273,11.8627625,"ChrXL",NA,"Inverted","Inverted"
"NC_030302.1",11889423,11937609,0.110565,0.006019,0.003863,11.889423,11.937609,11.913516,"ChrXL",0.006019,"Inverted","Inverted"
"NC_030302.1",11938127,12024118,-0.044711,-0.001877,-0.00142,11.938127,12.024118,11.9811225,"ChrXL",NA,"Inverted","Inverted"
"NC_030302.1",12024130,12069307,0.086272,0.005854,0.004116,12.02413,12.069307,12.0467185,"ChrXL",0.005854,"Inverted","Inverted"
"NC_030302.1",12070458,12117192,-0.363197,-0.017727,-0.011543,12.070458,12.117192,12.093825,"ChrXL",NA,"Inverted","Inverted"
"NC_030302.1",12117974,12196410,-0.141729,-0.004134,-0.003375,12.117974,12.19641,12.157192,"ChrXL",NA,"Inverted","Inverted"
"NC_030302.1",12196546,12262193,0.401248,0.020347,0.01451,12.196546,12.262193,12.2293695,"ChrXL",0.020347,"Inverted","Inverted"
"NC_030302.1",12262241,12309552,0.002581,0.000212,0.000143,12.262241,12.309552,12.2858965,"ChrXL",0.000212,"Inverted","Inverted"
"NC_030302.1",12309583,12351245,-0.169751,-0.012265,-0.008284,12.309583,12.351245,12.330414,"ChrXL",NA,"Inverted","Inverted"
"NC_030302.1",12351325,12380357,0.065397,0.00674,0.004566,12.351325,12.380357,12.365841,"ChrXL",0.00674,"Inverted","Inverted"
"NC_030302.1",12380523,12422728,-0.117412,-0.005759,-0.00413,12.380523,12.422728,12.4016255,"ChrXL",NA,"Inverted","Inverted"
"NC_030302.1",12422869,12455128,-0.242482,-0.02329,-0.015758,12.422869,12.455128,12.4389985,"ChrXL",NA,"Inverted","Inverted"
"NC_030302.1",12455140,12493105,0.038253,0.003218,0.002199,12.45514,12.493105,12.4741225,"ChrXL",0.003218,"Inverted","Inverted"
"NC_030302.1",12493643,12524964,-0.109702,-0.009592,-0.006215,12.493643,12.524964,12.5093035,"ChrXL",NA,"Inverted","Inverted"
"NC_030302.1",12524987,12558973,-0.15915,-0.014733,-0.009695,12.524987,12.558973,12.54198,"ChrXL",NA,"Inverted","Inverted"
"NC_030302.1",12559330,12593758,-0.011254,-0.000846,-0.000572,12.55933,12.593758,12.576544,"ChrXL",NA,"Inverted","Inverted"
"NC_030302.1",12593978,12627082,0.230265,0.022711,0.015525,12.593978,12.627082,12.61053,"ChrXL",0.022711,"Inverted","Inverted"
"NC_030302.1",12627090,12660057,0.170452,0.013098,0.008926,12.62709,12.660057,12.6435735,"ChrXL",0.013098,"Inverted","Inverted"
"NC_030302.1",12660478,12693324,-0.059626,-0.005463,-0.003483,12.660478,12.693324,12.676901,"ChrXL",NA,"Inverted","Inverted"
"NC_030302.1",12693500,12723269,0.181429,0.017556,0.010899,12.6935,12.723269,12.7083845,"ChrXL",0.017556,"Inverted","Inverted"
"NC_030302.1",12723631,12758171,0.04185,0.004151,0.002743,12.723631,12.758171,12.740901,"ChrXL",0.004151,"Inverted","Inverted"
"NC_030302.1",12758180,12793815,0.02436,0.002282,0.001552,12.75818,12.793815,12.7759975,"ChrXL",0.002282,"Inverted","Inverted"
"NC_030302.1",12794013,12832893,-0.109703,-0.008019,-0.005238,12.794013,12.832893,12.813453,"ChrXL",NA,"Inverted","Inverted"
"NC_030302.1",12833112,12873859,0.127197,0.013564,0.008742,12.833112,12.873859,12.8534855,"ChrXL",0.013564,"Inverted","Inverted"
"NC_030302.1",12874391,12924180,-0.068907,-0.005112,-0.003435,12.874391,12.92418,12.8992855,"ChrXL",NA,"Inverted","Inverted"
"NC_030302.1",12924303,12961352,-0.011795,-0.001291,-0.000866,12.924303,12.961352,12.9428275,"ChrXL",NA,"Inverted","Inverted"
"NC_030302.1",12961491,13005507,0.246194,0.018312,0.012339,12.961491,13.005507,12.983499,"ChrXL",0.018312,"Inverted","Inverted"
"NC_030302.1",13005769,13055165,-0.306989,-0.019855,-0.01404,13.005769,13.055165,13.030467,"ChrXL",NA,"Inverted","Inverted"
"NC_030302.1",13057084,13107540,0.018995,0.001535,0.001026,13.057084,13.10754,13.082312,"ChrXL",0.001535,"Inverted","Inverted"
"NC_030302.1",13107545,13163913,-0.022015,-0.001695,-0.001264,13.107545,13.163913,13.135729,"ChrXL",NA,"Inverted","Inverted"
"NC_030302.1",13164132,13187510,-0.362046,-0.0547,-0.037874,13.164132,13.18751,13.175821,"ChrXL",NA,"Inverted","Inverted"
"NC_030302.1",13188735,13250622,0.04538,0.003299,0.002533,13.188735,13.250622,13.2196785,"ChrXL",0.003299,"Inverted","Inverted"
"NC_030302.1",13252001,13315690,0.02264,0.001545,0.001149,13.252001,13.31569,13.2838455,"ChrXL",0.001545,"Inverted","Inverted"
"NC_030302.1",13315702,13355458,0.17788,0.011288,0.008803,13.315702,13.355458,13.33558,"ChrXL",0.011288,"Inverted","Inverted"
"NC_030302.1",13355467,13372085,-0.071124,-0.007421,-0.0059,13.355467,13.372085,13.363776,"ChrXL",NA,"Inverted","Inverted"
"NC_030302.1",13372902,13424830,0.066766,0.004166,0.002838,13.372902,13.42483,13.398866,"ChrXL",0.004166,"Inverted","Inverted"
"NC_030302.1",13424890,13467660,0.151245,0.015103,0.01041,13.42489,13.46766,13.446275,"ChrXL",0.015103,"Inverted","Inverted"
"NC_030302.1",13467724,13509689,0.028393,0.003586,0.002441,13.467724,13.509689,13.4887065,"ChrXL",0.003586,"Inverted","Inverted"
"NC_030302.1",13510541,13550780,-0.184285,-0.017671,-0.011441,13.510541,13.55078,13.5306605,"ChrXL",NA,"Inverted","Inverted"
"NC_030302.1",13550856,13582303,0.17594,0.023184,0.013519,13.550856,13.582303,13.5665795,"ChrXL",0.023184,"Inverted","Inverted"
"NC_030302.1",13582310,13618736,0.016308,0.001729,0.001198,13.58231,13.618736,13.600523,"ChrXL",0.001729,"Inverted","Inverted"
"NC_030302.1",13618749,13665164,0.113952,0.006985,0.004803,13.618749,13.665164,13.6419565,"ChrXL",0.006985,"Inverted","Inverted"
"NC_030302.1",13665403,13692284,-0.037187,-0.004895,-0.002964,13.665403,13.692284,13.6788435,"ChrXL",NA,"Inverted","Inverted"
"NC_030302.1",13692289,13732286,0.039355,0.003445,0.002434,13.692289,13.732286,13.7122875,"ChrXL",0.003445,"Inverted","Inverted"
"NC_030302.1",13732300,13796433,0.036161,0.002008,0.001351,13.7323,13.796433,13.7643665,"ChrXL",0.002008,"Inverted","Inverted"
"NC_030302.1",13797545,13837873,-0.003091,-0.000195,-0.000127,13.797545,13.837873,13.817709,"ChrXL",NA,"Inverted","Inverted"
"NC_030302.1",13839564,13867168,-0.042581,-0.00746,-0.005484,13.839564,13.867168,13.853366,"ChrXL",NA,"Inverted","Inverted"
"NC_030302.1",13867191,13886914,0.142914,0.091059,0.054983,13.867191,13.886914,13.8770525,"ChrXL",0.091059,"Inverted","Inverted"
"NC_030302.1",13886917,13902266,0.157218,0.064062,0.048255,13.886917,13.902266,13.8945915,"ChrXL",0.064062,"Inverted","Inverted"
"NC_030302.1",13902275,13903755,-0.14028,-0.228231,-0.108026,13.902275,13.903755,13.903015,"ChrXL",NA,"Inverted","Inverted"
"NC_030302.1",13903761,13904815,0.046415,0.11536,0.055271,13.903761,13.904815,13.904288,"ChrXL",0.11536,"Inverted","Inverted"
"NC_030302.1",13904817,13907230,-0.135805,-0.130211,-0.078097,13.904817,13.90723,13.9060235,"ChrXL",NA,"Inverted","Inverted"
"NC_030302.1",13907260,13909571,0.12688,0.177478,0.149713,13.90726,13.909571,13.9084155,"ChrXL",0.177478,"Inverted","Inverted"
"NC_030302.1",13909583,13912379,-0.015098,-0.016842,-0.009849,13.909583,13.912379,13.910981,"ChrXL",NA,"Inverted","Inverted"
"NC_030302.1",13912383,13919620,0.1735,0.11245,0.079059,13.912383,13.91962,13.9160015,"ChrXL",0.11245,"Inverted","Inverted"
"NC_030302.1",13919773,13926241,0.117424,0.082453,0.056672,13.919773,13.926241,13.923007,"ChrXL",0.082453,"Inverted","Inverted"
"NC_030302.1",13926247,13939441,-0.03928,-0.015758,-0.011707,13.926247,13.939441,13.932844,"ChrXL",NA,"Inverted","Inverted"
"NC_030302.1",13939588,13965362,-0.206092,-0.122809,-0.054959,13.939588,13.965362,13.952475,"ChrXL",NA,"Inverted","Inverted"
"NC_030302.1",13965643,13967576,-0.03574,-0.051921,-0.037033,13.965643,13.967576,13.9666095,"ChrXL",NA,"Inverted","Inverted"
"NC_030302.1",13967619,13971013,0.021232,0.017496,0.013646,13.967619,13.971013,13.969316,"ChrXL",0.017496,"Inverted","Inverted"
"NC_030302.1",13971019,13972546,0.559575,0.201406,0.190083,13.971019,13.972546,13.9717825,"ChrXL",0.201406,"Inverted","Inverted"
"NC_030302.1",13972562,13974964,0.646583,0.158381,0.151074,13.972562,13.974964,13.973763,"ChrXL",0.158381,"Inverted","Inverted"
"NC_030302.1",13975106,13980437,-0.072743,-0.032996,-0.02128,13.975106,13.980437,13.9777715,"ChrXL",NA,"Inverted","Inverted"
"NC_030302.1",13980447,13982268,-0.192951,-0.197666,-0.105319,13.980447,13.982268,13.9813575,"ChrXL",NA,"Inverted","Inverted"
"NC_030302.1",13982275,13989674,-0.014812,-0.01584,-0.008182,13.982275,13.989674,13.9859745,"ChrXL",NA,"Inverted","Inverted"
"NC_030302.1",13989680,13992541,0.02885,0.029925,0.01658,13.98968,13.992541,13.9911105,"ChrXL",0.029925,"Inverted","Inverted"
"NC_030302.1",13992706,14001864,-0.178905,-0.127119,-0.062568,13.992706,14.001864,13.997285,"ChrXL",NA,"Inverted","Inverted"
"NC_030302.1",14001871,14052460,-0.153593,-0.013429,-0.008498,14.001871,14.05246,14.0271655,"ChrXL",NA,"Inverted","Inverted"
"NC_030302.1",14053841,14082908,-0.104738,-0.013902,-0.007891,14.053841,14.082908,14.0683745,"ChrXL",NA,"Inverted","Inverted"
"NC_030302.1",14083171,14110270,0.183364,0.020755,0.013312,14.083171,14.11027,14.0967205,"ChrXL",0.020755,"Inverted","Inverted"
"NC_030302.1",14111364,14157261,-0.059145,-0.004411,-0.0026,14.111364,14.157261,14.1343125,"ChrXL",NA,"Inverted","Inverted"
"NC_030302.1",14157334,14201575,-0.168929,-0.011292,-0.007321,14.157334,14.201575,14.1794545,"ChrXL",NA,"Inverted","Inverted"
"NC_030302.1",14201773,14232251,0.058768,0.005631,0.003654,14.201773,14.232251,14.217012,"ChrXL",0.005631,"Inverted","Inverted"
"NC_030302.1",14233387,14263197,-0.120921,-0.010984,-0.007159,14.233387,14.263197,14.248292,"ChrXL",NA,"Inverted","Inverted"
"NC_030302.1",14263319,14296600,-0.190086,-0.022245,-0.013881,14.263319,14.2966,14.2799595,"ChrXL",NA,"Inverted","Inverted"
"NC_030302.1",14297165,14335597,-0.213801,-0.016261,-0.010502,14.297165,14.335597,14.316381,"ChrXL",NA,"Inverted","Inverted"
"NC_030302.1",14335690,14378888,-0.129281,-0.009886,-0.006133,14.33569,14.378888,14.357289,"ChrXL",NA,"Inverted","Inverted"
"NC_030302.1",14379423,14421222,0.042931,0.004224,0.002863,14.379423,14.421222,14.4003225,"ChrXL",0.004224,"Inverted","Inverted"
"NC_030302.1",14422058,14443214,-0.182046,-0.021255,-0.013366,14.422058,14.443214,14.432636,"ChrXL",NA,"Inverted","Inverted"
"NC_030302.1",14443218,14445401,0.282204,0.210699,0.156134,14.443218,14.445401,14.4443095,"ChrXL",0.210699,"Inverted","Inverted"
"NC_030302.1",14445406,14447700,0.086537,0.095649,0.068448,14.445406,14.4477,14.446553,"ChrXL",0.095649,"Inverted","Inverted"
"NC_030302.1",14447703,14453961,0.179452,0.052859,0.034801,14.447703,14.453961,14.450832,"ChrXL",0.052859,"Inverted","Inverted"
"NC_030302.1",14454356,14486699,0.039617,0.004778,0.003091,14.454356,14.486699,14.4705275,"ChrXL",0.004778,"Inverted","Inverted"
"NC_030302.1",14487079,14528922,0.136638,0.013551,0.009331,14.487079,14.528922,14.5080005,"ChrXL",0.013551,"Inverted","Inverted"
"NC_030302.1",14528937,14584172,-0.166779,-0.010831,-0.007081,14.528937,14.584172,14.5565545,"ChrXL",NA,"Inverted","Inverted"
"NC_030302.1",14584174,14623142,0.19687,0.015443,0.010503,14.584174,14.623142,14.603658,"ChrXL",0.015443,"Inverted","Inverted"
"NC_030302.1",14623190,14674972,0.071479,0.005548,0.00378,14.62319,14.674972,14.649081,"ChrXL",0.005548,"Inverted","Inverted"
"NC_030302.1",14675067,14722962,-0.087003,-0.005631,-0.00402,14.675067,14.722962,14.6990145,"ChrXL",NA,"Inverted","Inverted"
"NC_030302.1",14723140,14753790,-0.150643,-0.01304,-0.009028,14.72314,14.75379,14.738465,"ChrXL",NA,"Inverted","Inverted"
"NC_030302.1",14753797,14796273,0.321476,0.025654,0.018097,14.753797,14.796273,14.775035,"ChrXL",0.025654,"Inverted","Inverted"
"NC_030302.1",14796763,14852410,-0.06886,-0.003566,-0.002542,14.796763,14.85241,14.8245865,"ChrXL",NA,"Inverted","Inverted"
"NC_030302.1",14853440,14905430,-0.149174,-0.008458,-0.005844,14.85344,14.90543,14.879435,"ChrXL",NA,"Inverted","Inverted"
"NC_030302.1",14905843,14947902,0.048715,0.003341,0.002196,14.905843,14.947902,14.9268725,"ChrXL",0.003341,"Inverted","Inverted"
"NC_030302.1",14947999,14984313,-0.039442,-0.00481,-0.002749,14.947999,14.984313,14.966156,"ChrXL",NA,"Inverted","Inverted"
"NC_030302.1",14984563,15035479,-0.150862,-0.012237,-0.007506,14.984563,15.035479,15.010021,"ChrXL",NA,"Inverted","Inverted"
"NC_030302.1",15037041,15080074,0.167075,0.014019,0.009541,15.037041,15.080074,15.0585575,"ChrXL",0.014019,"Inverted","Inverted"
"NC_030302.1",15080344,15108245,-0.096257,-0.012957,-0.007795,15.080344,15.108245,15.0942945,"ChrXL",NA,"Inverted","Inverted"
"NC_030302.1",15108443,15145205,-0.148329,-0.012642,-0.00835,15.108443,15.145205,15.126824,"ChrXL",NA,"Inverted","Inverted"
"NC_030302.1",15145223,15192689,-0.162958,-0.012233,-0.007937,15.145223,15.192689,15.168956,"ChrXL",NA,"Inverted","Inverted"
"NC_030302.1",15192783,15226358,-0.073418,-0.006665,-0.004387,15.192783,15.226358,15.2095705,"ChrXL",NA,"Inverted","Inverted"
"NC_030302.1",15226530,15270528,0.050404,0.003728,0.002528,15.22653,15.270528,15.248529,"ChrXL",0.003728,"Inverted","Inverted"
"NC_030302.1",15272251,15320828,0.102892,0.007374,0.004793,15.272251,15.320828,15.2965395,"ChrXL",0.007374,"Inverted","Inverted"
"NC_030302.1",15321835,15355995,-0.018203,-0.002134,-0.001262,15.321835,15.355995,15.338915,"ChrXL",NA,"Inverted","Inverted"
"NC_030302.1",15357811,15408177,-0.194528,-0.010629,-0.006437,15.357811,15.408177,15.382994,"ChrXL",NA,"Inverted","Inverted"
"NC_030302.1",15408182,15446579,0.119615,0.008535,0.005757,15.408182,15.446579,15.4273805,"ChrXL",0.008535,"Inverted","Inverted"
"NC_030302.1",15447580,15495498,-0.210497,-0.014656,-0.009853,15.44758,15.495498,15.471539,"ChrXL",NA,"Inverted","Inverted"
"NC_030302.1",15495533,15542425,-0.00394,-0.000251,-0.000167,15.495533,15.542425,15.518979,"ChrXL",NA,"Inverted","Inverted"
"NC_030302.1",15542478,15597229,0.039689,0.002273,0.001631,15.542478,15.597229,15.5698535,"ChrXL",0.002273,"Inverted","Inverted"
"NC_030302.1",15598425,15647263,0.266807,0.015751,0.010956,15.598425,15.647263,15.622844,"ChrXL",0.015751,"Inverted","Inverted"
"NC_030302.1",15647544,15686990,0.222051,0.015569,0.010755,15.647544,15.68699,15.667267,"ChrXL",0.015569,"Inverted","Inverted"
"NC_030302.1",15686998,15739384,-0.113968,-0.005266,-0.003528,15.686998,15.739384,15.713191,"ChrXL",NA,"Inverted","Inverted"
"NC_030302.1",15739395,15775702,0.069583,0.005713,0.003952,15.739395,15.775702,15.7575485,"ChrXL",0.005713,"Inverted","Inverted"
"NC_030302.1",15776179,15820253,-0.101415,-0.008374,-0.005375,15.776179,15.820253,15.798216,"ChrXL",NA,"Inverted","Inverted"
"NC_030302.1",15821430,15860644,0.132133,0.012853,0.00799,15.82143,15.860644,15.841037,"ChrXL",0.012853,"Inverted","Inverted"
"NC_030302.1",15861077,15901967,0.27362,0.028981,0.019005,15.861077,15.901967,15.881522,"ChrXL",0.028981,"Inverted","Inverted"
"NC_030302.1",15902092,15951606,-0.096397,-0.005008,-0.003846,15.902092,15.951606,15.926849,"ChrXL",NA,"Inverted","Inverted"
"NC_030302.1",15951609,15995837,-0.013638,-0.001218,-0.000858,15.951609,15.995837,15.973723,"ChrXL",NA,"Inverted","Inverted"
"NC_030302.1",15996833,16039658,0.265767,0.017394,0.012143,15.996833,16.039658,16.0182455,"ChrXL",0.017394,"Inverted","Inverted"
"NC_030302.1",16039855,16087077,0.077228,0.006031,0.004103,16.039855,16.087077,16.063466,"ChrXL",0.006031,"Inverted","Inverted"
"NC_030302.1",16087245,16130380,-0.062021,-0.005512,-0.003544,16.087245,16.13038,16.1088125,"ChrXL",NA,"Inverted","Inverted"
"NC_030302.1",16130777,16174004,0.005644,0.000592,0.000362,16.130777,16.174004,16.1523905,"ChrXL",0.000592,"Inverted","Inverted"
"NC_030302.1",16174204,16202521,-0.117819,-0.01559,-0.010389,16.174204,16.202521,16.1883625,"ChrXL",NA,"Inverted","Inverted"
"NC_030302.1",16202966,16237187,-0.055595,-0.006206,-0.004118,16.202966,16.237187,16.2200765,"ChrXL",NA,"Inverted","Inverted"
"NC_030302.1",16237229,16277970,-0.129338,-0.009365,-0.006301,16.237229,16.27797,16.2575995,"ChrXL",NA,"Inverted","Inverted"
"NC_030302.1",16277972,16308372,0.009646,0.001124,0.00076,16.277972,16.308372,16.293172,"ChrXL",0.001124,"Inverted","Inverted"
"NC_030302.1",16308420,16329609,0.013733,0.001658,0.001065,16.30842,16.329609,16.3190145,"ChrXL",0.001658,"Inverted","Inverted"
"NC_030302.1",16330623,16376608,-0.068709,-0.005826,-0.003688,16.330623,16.376608,16.3536155,"ChrXL",NA,"Inverted","Inverted"
"NC_030302.1",16377098,16415605,0.233881,0.020407,0.012542,16.377098,16.415605,16.3963515,"ChrXL",0.020407,"Inverted","Inverted"
"NC_030302.1",16415635,16480213,0.167998,0.010205,0.00677,16.415635,16.480213,16.447924,"ChrXL",0.010205,"Inverted","Inverted"
"NC_030302.1",16480278,16519789,0.083136,0.008105,0.005408,16.480278,16.519789,16.5000335,"ChrXL",0.008105,"Inverted","Inverted"
"NC_030302.1",16519890,16551375,0.06183,0.006975,0.004324,16.51989,16.551375,16.5356325,"ChrXL",0.006975,"Inverted","Inverted"
"NC_030302.1",16551473,16561824,0.157005,0.064117,0.04348,16.551473,16.561824,16.5566485,"ChrXL",0.064117,"Inverted","Inverted"
"NC_030302.1",16561834,16598011,0.003659,0.000199,0.000148,16.561834,16.598011,16.5799225,"ChrXL",0.000199,"Inverted","Inverted"
"NC_030302.1",16598506,16640038,0.028238,0.003805,0.002354,16.598506,16.640038,16.619272,"ChrXL",0.003805,"Inverted","Inverted"
"NC_030302.1",16640904,16686580,0.150949,0.01192,0.007723,16.640904,16.68658,16.663742,"ChrXL",0.01192,"Inverted","Inverted"
"NC_030302.1",16686582,16720991,-0.009927,-0.001047,-0.000734,16.686582,16.720991,16.7037865,"ChrXL",NA,"Inverted","Inverted"
"NC_030302.1",16721543,16787299,-0.02494,-0.001811,-0.001264,16.721543,16.787299,16.754421,"ChrXL",NA,"Inverted","Inverted"
"NC_030302.1",16788814,16878433,0.280897,0.017625,0.012245,16.788814,16.878433,16.8336235,"ChrXL",0.017625,"Inverted","Inverted"
"NC_030302.1",16878446,16906628,-0.241338,-0.035985,-0.022508,16.878446,16.906628,16.892537,"ChrXL",NA,"Inverted","Inverted"
"NC_030302.1",16908280,16946151,0.13439,0.009884,0.006414,16.90828,16.946151,16.9272155,"ChrXL",0.009884,"Inverted","Inverted"
"NC_030302.1",16946192,16980053,-0.163153,-0.020937,-0.012419,16.946192,16.980053,16.9631225,"ChrXL",NA,"Inverted","Inverted"
"NC_030302.1",16980507,17022121,0.013763,0.001449,0.000999,16.980507,17.022121,17.001314,"ChrXL",0.001449,"Inverted","Inverted"
"NC_030302.1",17022654,17058460,-0.091922,-0.025033,-0.014806,17.022654,17.05846,17.040557,"ChrXL",NA,"Inverted","Inverted"
"NC_030302.1",17058467,17072438,-0.109076,-0.014117,-0.010487,17.058467,17.072438,17.0654525,"ChrXL",NA,"Inverted","Inverted"
"NC_030302.1",17072758,17105878,-0.141872,-0.015943,-0.010373,17.072758,17.105878,17.089318,"ChrXL",NA,"Inverted","Inverted"
"NC_030302.1",17107908,17150679,0.036184,0.004166,0.002808,17.107908,17.150679,17.1292935,"ChrXL",0.004166,"Inverted","Inverted"
"NC_030302.1",17150983,17190312,0.084442,0.008143,0.00543,17.150983,17.190312,17.1706475,"ChrXL",0.008143,"Inverted","Inverted"
"NC_030302.1",17190370,17245258,0.174416,0.010362,0.007787,17.19037,17.245258,17.217814,"ChrXL",0.010362,"Inverted","Inverted"
"NC_030302.1",17245463,17289904,-0.165507,-0.008541,-0.006489,17.245463,17.289904,17.2676835,"ChrXL",NA,"Inverted","Inverted"
"NC_030302.1",17289958,17302010,0.130595,0.024654,0.017122,17.289958,17.30201,17.295984,"ChrXL",0.024654,"Inverted","Inverted"
"NC_030302.1",17302030,17337481,0.281949,0.024028,0.016562,17.30203,17.337481,17.3197555,"ChrXL",0.024028,"Inverted","Inverted"
"NC_030302.1",17337488,17407766,0.005608,0.000295,0.000204,17.337488,17.407766,17.372627,"ChrXL",0.000295,"Inverted","Inverted"
"NC_030302.1",17410333,17459548,-0.141949,-0.013143,-0.008069,17.410333,17.459548,17.4349405,"ChrXL",NA,"Inverted","Inverted"
"NC_030302.1",17459555,17513722,0.169245,0.011726,0.008376,17.459555,17.513722,17.4866385,"ChrXL",0.011726,"Inverted","Inverted"
"NC_030302.1",17513833,17564536,0.237007,0.016215,0.011854,17.513833,17.564536,17.5391845,"ChrXL",0.016215,"Inverted","Inverted"
"NC_030302.1",17564552,17593360,0.030012,0.003305,0.00273,17.564552,17.59336,17.578956,"ChrXL",0.003305,"Inverted","Inverted"
"NC_030302.1",17595375,17664449,-0.057197,-0.004048,-0.00304,17.595375,17.664449,17.629912,"ChrXL",NA,"Inverted","Inverted"
"NC_030302.1",17666934,17740875,0.016689,0.000593,0.000483,17.666934,17.740875,17.7039045,"ChrXL",0.000593,"Inverted","Inverted"
"NC_030302.1",17743275,17799993,0.074125,0.004154,0.002915,17.743275,17.799993,17.771634,"ChrXL",0.004154,"Inverted","Inverted"
"NC_030302.1",17800020,17871165,-0.003956,-0.000146,-0.000118,17.80002,17.871165,17.8355925,"ChrXL",NA,"Inverted","Inverted"
"NC_030302.1",17874807,17923351,-0.160556,-0.01093,-0.006465,17.874807,17.923351,17.899079,"ChrXL",NA,"Inverted","Inverted"
"NC_030302.1",17923510,17967631,-0.100592,-0.006803,-0.004502,17.92351,17.967631,17.9455705,"ChrXL",NA,"Inverted","Inverted"
"NC_030302.1",17967676,18026110,0.098372,0.00408,0.002905,17.967676,18.02611,17.996893,"ChrXL",0.00408,"Inverted","Inverted"
"NC_030302.1",18026111,18145483,0.102384,0.00622,0.004238,18.026111,18.145483,18.085797,"ChrXL",0.00622,"Inverted","Inverted"
"NC_030302.1",18146666,18189485,-0.096391,-0.004339,-0.002995,18.146666,18.189485,18.1680755,"ChrXL",NA,"Inverted","Inverted"
"NC_030302.1",18189499,18220083,-0.01487,-0.0017,-0.001076,18.189499,18.220083,18.204791,"ChrXL",NA,"Inverted","Inverted"
"NC_030302.1",18220086,18275145,0.300036,0.012407,0.008972,18.220086,18.275145,18.2476155,"ChrXL",0.012407,"Inverted","Inverted"
"NC_030302.1",18275160,18321509,0.123056,0.007679,0.005399,18.27516,18.321509,18.2983345,"ChrXL",0.007679,"Inverted","Inverted"
"NC_030302.1",18321707,18363738,0.082444,0.005411,0.003545,18.321707,18.363738,18.3427225,"ChrXL",0.005411,"Inverted","Inverted"
"NC_030302.1",18363767,18411137,0.318899,0.026526,0.018379,18.363767,18.411137,18.387452,"ChrXL",0.026526,"Collinear",NA
"NC_030302.1",18411999,18469807,0.033938,0.002006,0.001285,18.411999,18.469807,18.440903,"ChrXL",0.002006,"Collinear",NA
"NC_030302.1",18470038,18524327,0.046672,0.003848,0.002459,18.470038,18.524327,18.4971825,"ChrXL",0.003848,"Collinear",NA
"NC_030302.1",18524542,18576564,-0.012076,-0.000609,-0.000414,18.524542,18.576564,18.550553,"ChrXL",NA,"Collinear",NA
"NC_030302.1",18577087,18628916,0.033368,0.001914,0.001308,18.577087,18.628916,18.6030015,"ChrXL",0.001914,"Collinear",NA
"NC_030302.1",18629418,18663351,0.375235,0.035905,0.023049,18.629418,18.663351,18.6463845,"ChrXL",0.035905,"Collinear",NA
"NC_030302.1",18663569,18701129,-0.085212,-0.008014,-0.005056,18.663569,18.701129,18.682349,"ChrXL",NA,"Collinear",NA
"NC_030302.1",18701471,18746265,-0.2503,-0.021896,-0.01413,18.701471,18.746265,18.723868,"ChrXL",NA,"Collinear",NA
"NC_030302.1",18746315,18795852,-0.180542,-0.011177,-0.00759,18.746315,18.795852,18.7710835,"ChrXL",NA,"Collinear",NA
"NC_030302.1",18796259,18839515,-0.061871,-0.004405,-0.002892,18.796259,18.839515,18.817887,"ChrXL",NA,"Collinear",NA
"NC_030302.1",18839819,18880974,-0.211368,-0.019999,-0.013158,18.839819,18.880974,18.8603965,"ChrXL",NA,"Collinear",NA
"NC_030302.1",18882140,18919105,-0.029646,-0.002937,-0.001872,18.88214,18.919105,18.9006225,"ChrXL",NA,"Collinear",NA
"NC_030302.1",18919713,18985210,-0.015759,-0.001257,-0.000843,18.919713,18.98521,18.9524615,"ChrXL",NA,"Collinear",NA
"NC_030302.1",18985271,19031493,0.17233,0.016277,0.010367,18.985271,19.031493,19.008382,"ChrXL",0.016277,"Collinear",NA
"NC_030302.1",19032210,19090477,0.154041,0.012726,0.009114,19.03221,19.090477,19.0613435,"ChrXL",0.012726,"Collinear",NA
"NC_030302.1",19090916,19136959,-0.324325,-0.035313,-0.023639,19.090916,19.136959,19.1139375,"ChrXL",NA,"Collinear",NA
"NC_030302.1",19137030,19194310,-0.013031,-0.000853,-0.000598,19.13703,19.19431,19.16567,"ChrXL",NA,"Collinear",NA
"NC_030302.1",19197092,19260521,0.035674,0.00171,0.001205,19.197092,19.260521,19.2288065,"ChrXL",0.00171,"Collinear",NA
"NC_030302.1",19260793,19324878,-0.061239,-0.003489,-0.002326,19.260793,19.324878,19.2928355,"ChrXL",NA,"Collinear",NA
"NC_030302.1",19325059,19360519,-0.073568,-0.00737,-0.005059,19.325059,19.360519,19.342789,"ChrXL",NA,"Collinear",NA
"NC_030302.1",19360537,19410358,-0.202036,-0.011534,-0.008021,19.360537,19.410358,19.3854475,"ChrXL",NA,"Collinear",NA
"NC_030302.1",19411163,19462139,-0.120295,-0.008191,-0.005653,19.411163,19.462139,19.436651,"ChrXL",NA,"Collinear",NA
"NC_030302.1",19462340,19523403,0.278449,0.034201,0.021281,19.46234,19.523403,19.4928715,"ChrXL",0.034201,"Collinear",NA
"NC_030302.1",19523417,19572710,0.025413,0.002607,0.001845,19.523417,19.57271,19.5480635,"ChrXL",0.002607,"Collinear",NA
"NC_030302.1",19574916,19631628,0.160255,0.007799,0.005223,19.574916,19.631628,19.603272,"ChrXL",0.007799,"Collinear",NA
"NC_030302.1",19631636,19675263,0.17741,0.016553,0.01103,19.631636,19.675263,19.6534495,"ChrXL",0.016553,"Collinear",NA
"NC_030302.1",19677171,19725158,0.274445,0.025351,0.015826,19.677171,19.725158,19.7011645,"ChrXL",0.025351,"Collinear",NA
"NC_030302.1",19725166,19786473,0.137238,0.013814,0.008799,19.725166,19.786473,19.7558195,"ChrXL",0.013814,"Collinear",NA
"NC_030302.1",19787095,19847366,0.047784,0.002639,0.001953,19.787095,19.847366,19.8172305,"ChrXL",0.002639,"Collinear",NA
"NC_030302.1",19847373,19907662,0.116785,0.009005,0.006497,19.847373,19.907662,19.8775175,"ChrXL",0.009005,"Collinear",NA
"NC_030302.1",19908236,19983281,-0.065739,-0.002933,-0.001979,19.908236,19.983281,19.9457585,"ChrXL",NA,"Collinear",NA
"NC_030302.1",19983454,20046120,-0.02573,-0.001342,-8e-04,19.983454,20.04612,20.014787,"ChrXL",NA,"Collinear",NA
"NC_030302.1",20046123,20097455,-0.108291,-0.007199,-0.004678,20.046123,20.097455,20.071789,"ChrXL",NA,"Collinear",NA
"NC_030302.1",20098925,20156223,0.017537,0.00068,0.000497,20.098925,20.156223,20.127574,"ChrXL",0.00068,"Collinear",NA
"NC_030302.1",20156559,20250619,0.005484,0.00016,0.000122,20.156559,20.250619,20.203589,"ChrXL",0.00016,"Collinear",NA
"NC_030302.1",20252786,20311393,-0.179266,-0.010652,-0.007596,20.252786,20.311393,20.2820895,"ChrXL",NA,"Collinear",NA
"NC_030302.1",20311407,20318230,-0.03262,-0.040641,-0.020219,20.311407,20.31823,20.3148185,"ChrXL",NA,"Collinear",NA
"NC_030302.1",20318369,20396888,-0.01039,-0.000829,-0.00058,20.318369,20.396888,20.3576285,"ChrXL",NA,"Collinear",NA
"NC_030302.1",20397114,20455735,0.047294,0.002629,0.001718,20.397114,20.455735,20.4264245,"ChrXL",0.002629,"Collinear",NA
"NC_030302.1",20455739,20522816,-0.109934,-0.004857,-0.003615,20.455739,20.522816,20.4892775,"ChrXL",NA,"Collinear",NA
"NC_030302.1",20525052,20613167,-0.227554,-0.006797,-0.00511,20.525052,20.613167,20.5691095,"ChrXL",NA,"Collinear",NA
"NC_030302.1",20613364,20666557,0.121795,0.008609,0.005937,20.613364,20.666557,20.6399605,"ChrXL",0.008609,"Collinear",NA
"NC_030302.1",20666957,20728552,0.089373,0.004336,0.003103,20.666957,20.728552,20.6977545,"ChrXL",0.004336,"Collinear",NA
"NC_030302.1",20728712,20755808,-0.102356,-0.010019,-0.006976,20.728712,20.755808,20.74226,"ChrXL",NA,"Collinear",NA
"NC_030302.1",20755810,20771849,0.200398,0.031555,0.019767,20.75581,20.771849,20.7638295,"ChrXL",0.031555,"Collinear",NA
"NC_030302.1",20771863,20849905,-0.015389,-0.000525,-0.000362,20.771863,20.849905,20.810884,"ChrXL",NA,"Collinear",NA
"NC_030302.1",20850283,20920795,0.274814,0.014371,0.010283,20.850283,20.920795,20.885539,"ChrXL",0.014371,"Collinear",NA
"NC_030302.1",20921443,20971012,-0.169733,-0.010499,-0.006818,20.921443,20.971012,20.9462275,"ChrXL",NA,"Collinear",NA
"NC_030302.1",20971104,21033210,-0.083882,-0.004628,-0.002974,20.971104,21.03321,21.002157,"ChrXL",NA,"Collinear",NA
"NC_030302.1",21033254,21087275,0.197093,0.014692,0.009859,21.033254,21.087275,21.0602645,"ChrXL",0.014692,"Collinear",NA
"NC_030302.1",21088420,21142767,0.189702,0.016871,0.010779,21.08842,21.142767,21.1155935,"ChrXL",0.016871,"Collinear",NA
"NC_030302.1",21142840,21223278,0.184396,0.008961,0.006461,21.14284,21.223278,21.183059,"ChrXL",0.008961,"Collinear",NA
"NC_030302.1",21223375,21281014,-0.084917,-0.003303,-0.002469,21.223375,21.281014,21.2521945,"ChrXL",NA,"Collinear",NA
"NC_030302.1",21282595,21368491,0.114353,0.002859,0.002094,21.282595,21.368491,21.325543,"ChrXL",0.002859,"Collinear",NA
"NC_030302.1",21369596,21485231,0.175037,0.003884,0.002941,21.369596,21.485231,21.4274135,"ChrXL",0.003884,"Collinear",NA
"NC_030302.1",21485232,21594696,0.259391,0.005522,0.004413,21.485232,21.594696,21.539964,"ChrXL",0.005522,"Collinear",NA
"NC_030302.1",21596002,21699721,-0.33714,-0.010244,-0.007678,21.596002,21.699721,21.6478615,"ChrXL",NA,"Collinear",NA
"NC_030302.1",21701990,21898118,0.268591,0.003989,0.003453,21.70199,21.898118,21.800054,"ChrXL",0.003989,"Collinear",NA
"NC_030302.1",21898122,21958135,0.058757,0.008074,0.004909,21.898122,21.958135,21.9281285,"ChrXL",0.008074,"Collinear",NA
"NC_030302.1",21958139,21995410,0.109522,0.019657,0.013253,21.958139,21.99541,21.9767745,"ChrXL",0.019657,"Collinear",NA
"NC_030302.1",21995429,22013815,0.100645,0.02233,0.015775,21.995429,22.013815,22.004622,"ChrXL",0.02233,"Collinear",NA
"NC_030302.1",22013825,22033716,-0.100261,-0.049279,-0.028817,22.013825,22.033716,22.0237705,"ChrXL",NA,"Collinear",NA
"NC_030302.1",22033741,22078751,0.104984,0.01521,0.010009,22.033741,22.078751,22.056246,"ChrXL",0.01521,"Collinear",NA
"NC_030302.1",22078754,22114118,0.323956,0.128782,0.092329,22.078754,22.114118,22.096436,"ChrXL",0.128782,"Collinear",NA
"NC_030302.1",22114119,22115437,-0.107428,-0.309492,-0.10459,22.114119,22.115437,22.114778,"ChrXL",NA,"Collinear",NA
"NC_030302.1",22115449,22116256,0.074224,0.22208,0.120231,22.115449,22.116256,22.1158525,"ChrXL",0.22208,"Collinear",NA
